gamma,learning_rate,initial_t,power_t,noise_sigma,final_ctr_mean,final_ctr_std,final_ctr_cv,ab_final_ctr_mean,ab_final_ctr_std,improvement_over_ab_mean,improvement_over_ab_std,improvement_over_ab_cv,time_sensitivity_mean,time_sensitivity_std,context_coverage_mean,context_coverage_std,average_regret_mean,average_regret_std,max_regret_mean,max_regret_std,num_repetitions,timestamp
40.0,3.0,0.5,0.1,0.05,44.71030746176363,15.72460936962595,0.35169987106605516,33.33162661366866,0.5139149117522284,34.24903960216841,47.907656320951425,1.3988029117732763,0.13333333333333333,0.1632993161855452,0.6833333333333333,0.08164965809277258,50.016666666666666,15.068952628943173,203.4,43.199999999999996,5,2025-03-02 07:41:10
40.0,2.0,8.0,0.1,0.05,52.43691932613315,25.607796524234143,0.4883543284639894,33.31284737112493,0.3204956778216988,57.65774205449107,77.18841890182564,1.3387346807455027,0.13466666666666666,0.26601253103315764,0.6666666666666667,0.10540925533894598,46.53333333333334,26.28902390310028,163.7,81.90091574579614,5,2025-03-02 07:41:10
70.0,4.0,8.0,0.1,0.05,50.658196263176706,18.731870419496776,0.36976978655501236,33.0632106911972,0.4315444243553751,53.84221651848914,58.22387861012312,1.0813796751872082,0.3,0.1632993161855452,0.6833333333333333,0.08164965809277258,46.67055555555555,18.208806002848807,179.2,56.243755208911864,5,2025-03-02 07:41:10
30.0,3.0,1.0,0.1,0.05,48.823727886803496,23.573509948002282,0.4828289638729929,33.35488233414468,0.1754498888675216,46.585230178872386,70.96158613656013,1.5232636151864085,0.06666666666666667,0.13333333333333333,0.7,0.09999999999999999,50.0,24.359745939196948,197.6,85.85476107939502,5,2025-03-02 07:41:15
50.0,4.0,5.0,0.1,0.05,73.45564223999047,13.708714764297236,0.18662575598357486,33.17475975721591,0.13772257113214742,121.45011686110972,41.58214519805849,0.3423804461679671,0.3346666666666666,0.20871671391306126,0.7666666666666667,0.03333333333333335,21.273888888888887,16.131050840988873,95.28666666666666,74.77777328710569,5,2025-03-02 07:41:15
60.0,4.0,5.0,0.1,0.05,42.043434692283334,12.778567019322132,0.3039372761252428,33.33036551545748,0.33223980298450306,25.940866708575662,37.39841159726603,1.4416793400701096,0.16599999999999998,0.20976600720273475,0.6500000000000001,0.08164965809277258,54.11111111111111,13.895920442283469,200.8,48.4,5,2025-03-02 07:41:15
80.0,1.5,1.0,0.1,0.05,55.72435111967544,8.548118535340443,0.15340005515689584,33.10661642662279,0.45871614216660195,68.55619039385009,27.554725508552288,0.40192906505236786,0.13466666666666666,0.26601253103315764,0.75,0.0,41.1,7.031358332498778,204.7,40.6,5,2025-03-02 07:41:21
80.0,4.0,0.5,0.1,0.05,76.39232566481421,15.034233083404823,0.19680292428025253,33.32126366188038,0.3826630159056603,129.5596469416697,46.66963432818703,0.3602173626576693,0.2,0.1632993161855452,0.7666666666666667,0.03333333333333335,22.366666666666667,16.610789666157757,97.2,75.75064356162264,5,2025-03-02 07:41:21
30.0,1.5,8.0,0.1,0.05,56.8252274238631,19.347512914087353,0.34047400760533675,33.094034393196814,0.47667840803233963,72.11621970789554,59.21609769887621,0.8211203795585672,0.06666666666666667,0.13333333333333333,0.7166666666666667,0.06666666666666665,40.31,19.609798555383378,184.0,82.0,5,2025-03-02 07:41:21
80.0,2.0,1.0,0.1,0.05,55.10825456018283,14.356687646542808,0.2605179162563406,33.590904935028604,0.4153074178717443,63.66713822512192,41.1759659927633,0.6467381311716631,0.2013333333333333,0.16168006817305725,0.7166666666666667,0.06666666666666665,44.1,13.988427756939346,176.6,59.27765177535291,5,2025-03-02 07:41:26
100.0,4.0,8.0,0.1,0.05,58.03600521157093,19.698751146546673,0.339422933655317,33.61513502155039,0.566165524960166,72.3563526921825,57.861271265713725,0.7996709219419397,0.3333333333333333,0.21081851067789195,0.7166666666666667,0.06666666666666665,38.125,15.411710915188271,160.2,52.90897844411664,5,2025-03-02 07:41:26
40.0,3.0,5.0,0.3,0.05,47.35152247364607,26.67125761373844,0.5632608250047837,33.47137973843639,0.5647627389730412,40.56506808087726,76.65864260003825,1.889769849447777,0.06866666666666667,0.1340248733133767,0.6833333333333333,0.1333333333333333,48.300000000000004,25.376750076486243,182.4,85.2,5,2025-03-02 07:41:26
30.0,4.0,1.0,0.1,0.05,71.10675905226188,17.11062966459412,0.2406329565944384,33.171303637098944,0.4577665676732724,114.60526467393422,52.43691792835459,0.4575437095105878,0.06666666666666667,0.13333333333333333,0.75,0.0,25.55,18.058515996615004,119.8,90.90962545297391,5,2025-03-02 07:41:32
40.0,3.0,8.0,0.1,0.05,41.808204873065606,6.658417727121283,0.15926102896158745,33.73473122337049,0.41242667422324475,23.840933749716882,19.240712403317705,0.8070452527282491,0.06666666666666667,0.13333333333333333,0.7166666666666667,0.06666666666666665,52.48333333333333,8.280566271564872,243.0,22.045407685048602,5,2025-03-02 07:41:32
90.0,4.0,8.0,0.1,0.05,56.43019991578078,25.133173872647607,0.4453851645069058,33.406836506367554,0.4627701196079768,69.80931047192428,77.51579287593738,1.1103933322348525,0.06666666666666667,0.13333333333333333,0.5333333333333334,0.27688746209726917,36.86666666666667,30.08490762270456,139.2,105.29273479210235,5,2025-03-02 07:41:32
50.0,4.0,3.0,0.3,0.05,53.49450958472414,23.49930663860579,0.4392844578075399,33.458512843759884,0.3779662174546457,59.6196291929301,69.71472128360944,1.1693249727872586,0.13333333333333333,0.26666666666666666,0.6833333333333333,0.08164965809277258,44.45,23.553343711668624,166.6,88.19206313495563,5,2025-03-02 07:41:36
90.0,3.0,1.0,0.3,0.05,57.16547235922701,9.256631140333035,0.16192695972429821,33.415162313647045,0.5345745018909188,71.21970495592993,28.344778463423335,0.39799067520657117,0.13333333333333333,0.1632993161855452,0.7666666666666667,0.03333333333333335,30.383333333333333,14.930170796075977,134.6,80.64886855994943,5,2025-03-02 07:41:37
30.0,1.5,0.5,0.1,0.05,57.782720617899216,23.068448616762037,0.39922745710274116,33.33311203802525,0.6289111018171604,74.07247889997761,71.47684536035854,0.9649581925950658,0.2333333333333333,0.2,0.7,0.14529663145135577,27.166666666666664,21.631830969918177,99.7,74.96772638942707,5,2025-03-02 07:41:37
70.0,3.0,1.0,0.3,0.05,47.37787152341805,18.745680190972042,0.39566319862441224,33.435382217293395,0.20582860358133742,41.819519586779776,56.461801702961104,1.350130328154466,0.13333333333333333,0.1632993161855452,0.7166666666666667,0.06666666666666665,41.93666666666667,20.86887475005141,184.0,82.0,5,2025-03-02 07:41:42
50.0,0.5,3.0,0.1,0.05,75.74886295785207,6.320661412931721,0.08344232726567319,33.29541125262381,0.4645401650619932,127.53569940940606,19.21288656143467,0.15064712586676474,0.2,0.1632993161855452,0.7,0.09999999999999999,23.616666666666667,6.437218170745635,100.5,36.33730865102698,5,2025-03-02 07:41:42
30.0,1.0,5.0,0.1,0.05,53.45458315658887,22.385373085580323,0.4187736909294573,33.283207948481994,0.7815514722573825,62.009960534511876,72.18102349163709,1.1640230516106276,0.06666666666666667,0.13333333333333333,0.6833333333333333,0.08164965809277258,43.80833333333333,22.10290956211673,184.2,81.6,5,2025-03-02 07:41:42
50.0,2.0,3.0,0.3,0.05,72.1078537749016,18.38584476194279,0.25497700734981943,32.88202764631141,0.3934102663497193,119.8809605047617,58.11008661725263,0.48473157349239354,0.13333333333333333,0.26666666666666666,0.7666666666666667,0.03333333333333335,24.825555555555553,18.03383089612752,118.6,92.23578481262031,5,2025-03-02 07:41:47
40.0,2.0,8.0,0.3,0.05,53.53915495435295,20.877018976001143,0.3899392695645032,33.156415611233754,0.4498705544703802,62.04620824742485,64.58590883607462,1.040932406030713,0.06666666666666667,0.13333333333333333,0.7166666666666667,0.06666666666666667,43.977777777777774,21.177690334435304,199.2,90.78854553301314,5,2025-03-02 07:41:47
90.0,3.0,3.0,0.3,0.05,56.540310280836835,22.74079564107625,0.40220500255697694,33.22780762516399,0.339690467518791,70.42792623840141,68.99264230688655,0.9796205282737367,0.06733333333333333,0.13466666666666666,0.6833333333333333,0.08164965809277258,41.72388888888889,23.692600136636923,163.2,81.2019704194424,5,2025-03-02 07:41:47
100.0,2.0,0.5,0.3,0.05,46.813506187762854,15.816532398140028,0.33786258894392535,33.34799754213463,0.3814791091607783,40.44268028828007,47.30325708490483,1.169637045510381,0.3333333333333333,0.21081851067789195,0.6833333333333333,0.08164965809277258,51.347222222222214,14.143774096011727,200.8,48.4,5,2025-03-02 07:41:53
50.0,4.0,8.0,0.1,0.05,66.13527342159448,20.694282151108574,0.3129083933650372,33.54385390817623,0.3266415523447667,97.10279985785708,61.96863239233503,0.6381755467715367,0.06666666666666667,0.13333333333333333,0.7166666666666667,0.06666666666666667,26.983333333333338,23.423302737041826,98.2,74.7406181403392,5,2025-03-02 07:41:53
50.0,0.5,8.0,0.1,0.05,63.89648105624296,25.85434126484687,0.4046285622848207,33.18084523836552,0.33774315989088927,92.5204876631097,78.37426199556856,0.847101695798977,0.0,0.0,0.75,0.0,33.836666666666666,26.752861529189733,149.0,105.89617556833674,5,2025-03-02 07:41:53
90.0,1.5,3.0,0.1,0.05,45.05885499095431,10.205714509576158,0.2264974223518326,33.656275066551316,0.5337379126538491,33.57892591164516,29.06576090857298,0.865595313711121,0.06666666666666667,0.13333333333333333,0.7166666666666667,0.06666666666666667,48.59222222222222,8.1723076511888,225.0,0.0,5,2025-03-02 07:41:58
60.0,0.5,8.0,0.1,0.05,38.11026812872048,12.88722932862306,0.3381563542165438,33.32105498803999,0.5726076339676844,14.078527147284925,37.642352462245036,2.6737422223534546,0.2013333333333333,0.16440600151251575,0.7166666666666667,0.06666666666666665,52.116666666666674,17.751337977741283,206.8,52.69686897719826,5,2025-03-02 07:41:58
50.0,2.0,5.0,0.3,0.05,65.34296114319523,26.539639666324742,0.40615912107449026,33.21214768112777,0.44354094328559973,96.68696595803473,79.65652782599228,0.8238600419064322,0.2,0.26666666666666666,0.7166666666666667,0.06666666666666667,31.791666666666668,25.011580651103735,129.0,97.2481362289273,5,2025-03-02 07:41:58
80.0,4.0,0.5,0.5,0.05,38.1144423584193,14.551137624706454,0.3817749053723772,33.161474088015986,0.43783817926851715,15.233702789103285,44.96397888653705,2.951611929746977,0.1973333333333333,0.16119553343687906,0.6833333333333333,0.08164965809277258,57.50555555555555,15.928373627578967,206.8,52.69686897719826,5,2025-03-02 07:42:04
90.0,3.0,3.0,0.1,0.05,57.040962175472444,24.536010029204927,0.4301471976178443,33.316353788226216,0.3632524027074501,71.09579080167208,73.25125015540924,1.0303176788587949,0.20266666666666663,0.16003332986183427,0.75,0.0,40.980000000000004,24.838312538356675,170.5,85.73447381304675,5,2025-03-02 07:42:04
100.0,2.0,5.0,0.1,0.05,64.46794196330704,24.478532904910153,0.3797008584335219,32.98102780627611,0.6147432029412621,94.58968634543227,72.88309132068595,0.7705183740066971,0.0013333333333333342,0.002666666666666668,0.7666666666666667,0.03333333333333335,30.433333333333337,26.85735984377053,128.9,98.65819783474662,5,2025-03-02 07:42:04
60.0,2.0,5.0,0.3,0.05,53.71560154039069,26.434610979982846,0.4921216596654086,33.119252483062766,0.3439190207454873,62.875674961392065,80.9676882576763,1.287742649401273,0.3306666666666666,0.005333333333333324,0.75,0.0,43.73777777777778,28.415613296431694,147.6,92.9012378819572,5,2025-03-02 07:42:09
50.0,1.0,0.5,0.1,0.05,55.94834017138502,18.704566620771267,0.3343185260451709,33.39976145171439,0.2447844847724587,67.12819689870227,54.67028016452757,0.8144160381221928,0.06666666666666667,0.13333333333333333,0.5666666666666667,0.29059326290271154,40.71666666666667,22.428813313830645,180.0,90.0,5,2025-03-02 07:42:09
40.0,1.5,8.0,0.3,0.05,51.06716883386833,23.80049247723657,0.4660625020091541,33.53628818799779,0.4817675447325247,52.18902012779273,70.37038583448978,1.3483753031227108,0.1973333333333333,0.16136087919112654,0.6500000000000001,0.0816496580927726,45.342499999999994,24.94037673465793,159.8,84.1555702256244,5,2025-03-02 07:42:09
70.0,2.0,1.0,0.3,0.05,66.57376252210169,16.271969494805354,0.2444201571062362,32.8555213500158,0.20667403248600127,102.39389246837088,48.50965514489927,0.4737553576243206,0.13333333333333333,0.1632993161855452,0.7333333333333333,0.03333333333333335,29.443333333333335,13.650175416048281,140.8,77.33666659483069,5,2025-03-02 07:42:15
40.0,2.0,3.0,0.3,0.05,52.77652252314677,24.203443010277386,0.45860245906998176,33.538598160531684,0.5924438473876391,56.665833993365865,69.85990173081179,1.2328399108886425,0.13466666666666666,0.1622289191920547,0.6333333333333334,0.09999999999999999,45.027499999999996,23.746727201401413,170.0,85.1445829163547,5,2025-03-02 07:42:15
40.0,2.0,1.0,0.3,0.05,61.03848733385348,20.876463246189424,0.34202130750725224,33.1680348020369,0.4069753520198686,83.84402913287808,62.549026148651365,0.7460164640886011,0.06733333333333333,0.13466666666666666,0.7333333333333334,0.0816496580927726,37.43222222222222,21.398785127625157,168.1,89.87012851887995,5,2025-03-02 07:42:15
50.0,1.0,5.0,0.3,0.05,46.07313377841289,19.276342781489646,0.41838575327214633,33.4856345064082,0.2726940213610145,37.230273860591204,56.53239660491779,1.5184523438265163,0.064,0.1181035327348189,0.6500000000000001,0.0816496580927726,52.666666666666664,18.174359227585807,180.5,54.84888330677298,5,2025-03-02 07:42:20
30.0,4.0,5.0,0.1,0.05,70.38714457914601,22.5350144794645,0.32015810009348034,33.195731655924945,0.4158172442911549,112.39032235587733,69.13546182309967,0.6151371432514119,0.1,0.2,0.7166666666666667,0.06666666666666667,28.825,22.996140980608025,123.7,90.56577720088312,5,2025-03-02 07:42:20
80.0,2.0,0.5,0.1,0.05,58.95483495260775,18.45774970315929,0.3130828831595745,33.67073823392398,0.35551638763372023,74.79063904363564,54.00066926111117,0.7220244398447401,0.13466666666666666,0.1622289191920547,0.7166666666666667,0.06666666666666667,35.61666666666666,21.93915829439832,150.0,88.1407964565785,5,2025-03-02 07:42:20
100.0,0.5,0.5,0.1,0.05,45.17674072903506,20.675256701549117,0.45765268516285734,33.220253815956475,0.2816247987221965,35.51768525332897,61.05264997991518,1.718936623951103,0.06933333333333333,0.13535796163424516,0.6833333333333333,0.08164965809277258,51.927777777777784,19.572006968886033,189.1,57.310034025465384,5,2025-03-02 07:42:25
60.0,3.0,5.0,0.3,0.05,51.45653577045135,10.565538600751744,0.20532938027318484,33.294953822234426,0.4612154818749207,54.66028193122055,32.06326190313956,0.5865915939380811,0.06666666666666667,0.13333333333333333,0.75,0.0,41.78333333333333,6.370853771495448,204.7,40.6,5,2025-03-02 07:42:26
60.0,1.0,0.5,0.1,0.05,61.49950158906599,15.803547170958698,0.2569703292322033,33.38050210036214,0.5691234693214839,84.0178920988991,45.85695698061034,0.5457998985100843,0.06666666666666667,0.13333333333333333,0.7333333333333333,0.03333333333333335,36.16666666666667,14.748257900888197,185.6,78.8,5,2025-03-02 07:42:26
50.0,2.0,3.0,0.1,0.05,43.20674467431053,12.174050043412217,0.28176272327802915,33.574199619618454,0.46797551430492157,28.32320379979108,35.050689433874915,1.2375255879115432,0.06666666666666667,0.13333333333333333,0.6833333333333333,0.08164965809277258,49.083333333333336,16.747470787488414,200.8,48.4,5,2025-03-02 07:42:30
30.0,3.0,3.0,0.1,0.05,52.94580424831084,23.38521438445689,0.4416821071369968,33.53871605360354,0.3261678815635616,57.833953285545284,69.97522505560573,1.209933284520859,0.0,0.0,0.6833333333333333,0.08164965809277258,46.083333333333336,23.69763232430147,184.2,81.6,5,2025-03-02 07:42:30
80.0,4.0,8.0,0.1,0.05,69.26924119019016,28.69578632704242,0.414264482098965,32.81992542884814,0.3495456436309305,111.09700016828936,87.35933560196735,0.7863338836299425,0.16666666666666669,0.33333333333333337,0.6666666666666667,0.10540925533894598,21.02777777777778,22.706242683238536,79.8,79.07818915478526,5,2025-03-02 07:42:30
60.0,0.5,5.0,0.1,0.05,51.149874854339714,6.5149997311887,0.1273707853585481,33.67757675699412,0.4789086467036293,52.02246849306923,20.037955489553795,0.38517886732390216,0.0026666666666666683,0.005333333333333336,0.75,0.0,43.68611111111112,10.125507760473418,206.8,52.69686897719826,5,2025-03-02 07:42:36
30.0,2.0,1.0,0.3,0.05,53.16725595598731,23.26063951886713,0.4374993424171196,33.21424120804553,0.3315011598608076,59.56597138808553,68.34848652978354,1.1474418184919368,0.13333333333333333,0.26666666666666666,0.5333333333333334,0.27688746209726917,43.8,25.000088888730865,161.8,96.11950894589506,5,2025-03-02 07:42:36
60.0,0.5,0.5,0.1,0.05,45.7170386351631,13.787631093466397,0.3015862686009957,33.37133604492929,0.6553077376392829,36.78231014430706,39.70270104254476,1.0793966144807166,0.0,0.0,0.7166666666666667,0.06666666666666667,52.616666666666674,14.100591004162439,221.8,60.68739572596603,5,2025-03-02 07:42:36
40.0,1.0,5.0,0.3,0.05,59.74995858934229,21.6447934786485,0.36225620886889315,33.017437254443294,0.22629292483861588,80.71685525936401,64.73038844926337,0.8019438844745375,0.2013333333333333,0.1617350370891299,0.7,0.06666666666666667,35.159444444444446,19.62485162324974,143.51333333333332,74.75756847600412,5,2025-03-02 07:42:41
60.0,4.0,3.0,0.1,0.05,59.58397842744638,27.250778618549425,0.4573507734420903,33.33991340743567,0.6954804564998224,77.41011016802959,78.19031169152737,1.0100788065254558,0.0,0.0,0.6333333333333334,0.09999999999999999,39.766666666666666,27.06383400612543,153.8,106.86702016992895,5,2025-03-02 07:42:41
80.0,4.0,0.5,0.3,0.05,56.85280302100134,14.194835430582728,0.24967696712049847,32.93933749227383,0.41328455171324263,72.80714672403148,43.84092455605911,0.6021513893716222,0.06266666666666666,0.1253333333333333,0.7166666666666667,0.06666666666666667,38.11666666666666,14.37393474313836,158.9,54.334519414456956,5,2025-03-02 07:42:41
80.0,1.0,5.0,0.3,0.05,63.196356788650704,20.61778166054117,0.3262495293754635,33.21363690542091,0.9179320328407355,89.1523797200255,60.37945511438139,0.6772612834788851,0.338,0.18746970125566662,0.7,0.09999999999999999,33.36055555555556,21.694031892506437,129.4,72.4992413753413,5,2025-03-02 07:42:47
80.0,4.0,3.0,0.3,0.05,64.53600518094643,9.282017331401287,0.1438269583835614,33.42894483866729,0.5887595701627624,93.38626206313144,29.886048418295573,0.3200261768491372,0.13999999999999999,0.15798734126505198,0.75,0.0,33.98777777777777,7.849569186888735,158.9,54.334519414456956,5,2025-03-02 07:42:47
60.0,4.0,1.0,0.3,0.05,47.12528712741966,23.3699586780856,0.4959112209735032,33.49832957301904,0.5941174507856996,40.807391197888634,70.36322004081603,1.7242763620835582,0.068,0.136,0.6833333333333333,0.08164965809277258,50.86666666666667,25.545417071039054,190.0,85.79044235810886,5,2025-03-02 07:42:47
90.0,1.0,5.0,0.3,0.05,60.41804576961297,22.966840973016147,0.3801321390068402,33.41898182790751,0.3576853067948472,80.4298616471552,67.5890823568728,0.8403481116675949,0.13333333333333333,0.16060994849496574,0.6666666666666667,0.10540925533894598,36.32944444444445,24.946748074772646,150.84666666666666,103.67211475501875,5,2025-03-02 07:42:52
60.0,1.5,1.0,0.3,0.05,44.7375776031722,22.238676593787815,0.4970916572874733,32.942978799768525,0.3389946687576974,36.468599744184914,69.51085957886441,1.9060468476020453,0.07133333333333333,0.13114199259665923,0.6500000000000001,0.08164965809277258,49.803333333333335,23.93138896465848,184.0,82.0,5,2025-03-02 07:42:52
100.0,1.0,0.5,0.3,0.05,60.24203875792,28.360969578649417,0.47078369463252623,33.37934295499171,0.38302310130340333,80.3282744958486,84.86214992281579,1.0564418376396407,0.164,0.20675696951842865,0.6333333333333334,0.09999999999999999,37.952777777777776,29.310465096915994,131.9,95.37525884630666,5,2025-03-02 07:42:52
50.0,3.0,3.0,0.5,0.05,40.268836540412394,25.122665384446602,0.6238736338765183,32.70534776927542,0.2508895306291665,23.370035289182134,77.62757865619501,3.321671435050353,0.07533333333333334,0.15066666666666667,0.7333333333333333,0.03333333333333335,56.84333333333334,27.705883049553854,203.6,88.5654560198275,5,2025-03-02 07:42:58
50.0,1.5,0.5,0.1,0.05,66.00767064556044,16.616193055109186,0.25173124415089115,33.11375378405794,0.6888208028992264,99.74223507450479,51.55652329086397,0.5168976136573702,0.13333333333333333,0.1632993161855452,0.75,0.0,31.30388888888889,15.62507319489029,138.4,78.00410245621701,5,2025-03-02 07:42:58
90.0,1.5,0.5,0.1,0.05,53.870585737564774,22.346023087619688,0.41480935805079744,32.980117336089414,0.200644303350439,63.4090379269349,67.75904736307507,1.0686023566727603,0.06799999999999999,0.1326917899159971,0.75,0.0,44.66666666666667,23.011048071162108,199.2,90.78854553301314,5,2025-03-02 07:42:58
70.0,3.0,8.0,0.1,0.05,61.41192673530272,11.38722433304075,0.1854236617932847,33.89199391392624,0.19908910890830245,81.21104686177993,33.72783166556419,0.41531088403488364,0.26666666666666666,0.24944382578492943,0.75,0.0,36.7,12.49150822670256,165.3,68.9765177433596,5,2025-03-02 07:43:03
70.0,1.0,5.0,0.3,0.05,38.29186761978872,8.427828350593924,0.22009447108394725,33.42186497635163,0.5516367476025961,14.335236898802567,23.80424533617433,1.6605407712629232,0.0,0.0,0.65,0.08164965809277258,56.81,11.706809983936699,225.0,0.0,5,2025-03-02 07:43:03
70.0,3.0,5.0,0.1,0.05,51.03743891660415,23.589091138468422,0.46219190537780136,33.580285284269976,0.6212250004461956,51.93085205467541,69.6534619969413,1.341273236256679,0.06666666666666667,0.13333333333333333,0.7000000000000001,0.09999999999999999,44.35,22.510886255321005,184.0,82.0,5,2025-03-02 07:43:03
70.0,3.0,3.0,0.5,0.05,65.76444641063304,16.514030799407518,0.25110879359181326,33.39299768323174,0.307344061223584,96.86722198705354,48.95558422842309,0.5053885434534923,0.13666666666666666,0.16196021459331025,0.75,0.0,25.341666666666665,7.5696946951497175,94.4,19.2,5,2025-03-02 07:43:09
90.0,0.5,8.0,0.3,0.05,48.599199356219366,30.365129995121915,0.6248072066486834,33.23525266021428,0.37207313687480664,45.45223452790931,89.86625158843243,1.9771580544241738,0.13066666666666665,0.16008886421123877,0.7,0.06666666666666667,48.11,32.65160766843393,164.2,111.20683432235629,5,2025-03-02 07:43:09
80.0,3.0,3.0,0.5,0.05,26.41727403279079,3.557550893002664,0.13466760001757966,33.13151307137972,0.39021192818558065,-20.2059019611881,11.115214127782338,0.5500973997168086,0.06933333333333333,0.13210097148267558,0.65,0.08164965809277258,68.83611111111112,3.0382576025181396,237.0,14.696938456699069,5,2025-03-02 07:43:09
90.0,2.0,8.0,0.5,0.05,46.16921816538693,16.054860319451393,0.34773948872038135,33.55261949805044,0.5096762384794228,37.4535136145346,47.1105252313947,1.257839937695792,0.26666666666666666,0.24944382578492943,0.7166666666666667,0.06666666666666665,46.30138888888889,16.54800223853078,176.6,59.27765177535291,5,2025-03-02 07:43:14
40.0,4.0,0.5,0.1,0.05,54.54882516925543,22.90832873002416,0.4199600753809754,33.1994758194473,0.49259404167487686,63.542344180800434,66.56617047575217,1.047587578549949,0.0013333333333333342,0.002666666666666668,0.7000000000000001,0.09999999999999999,37.9,25.417043713050326,134.6,80.64886855994943,5,2025-03-02 07:43:14
80.0,1.5,0.5,0.1,0.05,69.73861160492554,14.353059629797725,0.20581223657145462,33.228830218691925,0.587570512023797,110.01774527417076,43.64512841629983,0.39670989718552746,0.13333333333333333,0.1632993161855452,0.6833333333333333,0.09718253158075502,22.40888888888889,13.605141366591464,96.2,73.71404208154645,5,2025-03-02 07:43:14
70.0,2.0,1.0,0.5,0.05,43.31852658343588,22.927632099460205,0.5292800542349763,33.85548893017919,0.29751820673457874,28.085887520905846,68.10355661338035,2.424831921821491,0.06799999999999999,0.1326917899159971,0.7166666666666667,0.06666666666666667,56.10972222222223,22.458981918759378,191.73,72.82260363376196,5,2025-03-02 07:43:20
70.0,4.0,0.5,0.3,0.05,65.48146315071072,18.124713000286132,0.27679150904998384,33.680065341686806,0.26118040649557905,94.61775974113786,54.86853142971455,0.5798967506716273,0.2,0.1632993161855452,0.7666666666666667,0.03333333333333335,30.116666666666667,15.511608556174952,142.1,76.97947778466673,5,2025-03-02 07:43:20
100.0,4.0,5.0,0.3,0.05,64.27205342655353,27.287240105923868,0.42455839904206866,33.03255653243198,0.7274213205272824,94.2872195321453,81.24875770446323,0.8617154913213145,0.13333333333333333,0.1632993161855452,0.6833333333333333,0.08164965809277258,34.28333333333334,27.982216574897073,123.7,90.56577720088312,5,2025-03-02 07:43:20
70.0,2.0,5.0,0.1,0.05,65.61524615687604,17.829171109730332,0.27172299357230945,33.31701757338295,0.5242963485594753,97.00535811293432,52.97248130944923,0.5460778903344524,0.13333333333333333,0.1632993161855452,0.6,0.3,31.388888888888893,17.800783725290522,141.5,91.22170794279177,5,2025-03-02 07:43:25
100.0,1.0,5.0,0.3,0.05,63.36854743792825,14.031870166759731,0.2214327254463967,33.078049620006354,0.39436344978109944,92.06005072492033,44.81592802592419,0.48681189802769326,0.13599999999999998,0.1611403804830503,0.7,0.09999999999999999,30.6,13.046753534032048,139.8,75.9194309778465,5,2025-03-02 07:43:25
40.0,3.0,1.0,0.1,0.05,52.57197465147154,17.45224101204824,0.3319685274853897,33.16863355176506,0.8282641318400035,58.010973540820224,51.45554287415083,0.8869967134398016,0.13333333333333333,0.1632993161855452,0.7166666666666667,0.12472191289246469,41.47555555555555,24.53106838377372,159.8,84.1555702256244,5,2025-03-02 07:43:25
50.0,3.0,0.5,0.5,0.05,60.26001191386579,22.287095366031476,0.36984883769834154,33.57116416967288,0.5998057047160318,79.00635725780528,65.74438001338146,0.8321403782590719,0.07333333333333333,0.13016229185990166,0.75,0.0,38.660555555555554,21.92264989445988,151.8,81.33486337358661,5,2025-03-02 07:43:31
60.0,3.0,5.0,0.1,0.05,45.636887644068416,16.494495872464814,0.36142902647325165,33.72915478158969,0.7027734644068979,35.51536877661903,49.25045945314899,1.386736535467773,0.13333333333333333,0.1632993161855452,0.6500000000000001,0.0816496580927726,53.29722222222223,16.692816522588096,200.8,48.4,5,2025-03-02 07:43:31
30.0,0.5,8.0,0.3,0.05,51.55136959247859,12.698894998383249,0.24633477439629525,33.253073594526846,0.45324717875370657,55.224348682038524,38.89816677968099,0.7043662389509077,0.13333333333333333,0.15295605759679987,0.7166666666666667,0.06666666666666667,39.919444444444444,17.202838015934148,152.4,59.27765177535291,5,2025-03-02 07:43:31
40.0,3.0,3.0,0.1,0.05,61.26930206434038,17.38192765674406,0.2836971708685514,33.050958567948435,0.1782787636555382,85.44451652433179,52.738102073026994,0.6172204398629714,0.13333333333333333,0.1632993161855452,0.5666666666666667,0.2905932629027116,29.666666666666668,22.285832569893664,110.0,71.33862908691195,5,2025-03-02 07:43:36
50.0,2.0,1.0,0.3,0.05,43.38372977038695,12.373340713826556,0.2852069377002344,33.20227434035769,0.3090149024167116,31.012452004818176,38.276228221146035,1.2342212803811623,0.0013333333333333342,0.002666666666666668,0.7166666666666667,0.06666666666666667,54.31666666666666,13.209466302617985,231.0,12.0,5,2025-03-02 07:43:36
70.0,0.5,8.0,0.3,0.05,45.38306577554361,21.884758701407705,0.4822230126462972,33.41075896609037,0.6797314331267954,36.589674996784375,67.51040596950992,1.8450671118407846,0.2,0.26666666666666666,0.6666666666666667,0.07453559924999298,50.04027777777778,27.409771056736613,167.54000000000002,86.67921550175681,5,2025-03-02 07:43:36
50.0,1.5,8.0,0.1,0.05,49.30274403443688,14.047474732864181,0.2849227767738917,33.664166430320094,0.5528295383170825,46.5756856794798,41.6604254646728,0.8944672495294567,0.0,0.0,0.5666666666666667,0.2905932629027116,40.089166666666664,22.327433860114287,180.0,90.0,5,2025-03-02 07:43:42
30.0,3.0,5.0,0.1,0.05,58.50190522172416,15.87369454341137,0.27133636901652247,33.51013181587002,0.3081265006255966,74.67603493022742,47.444606514053,0.6353391226299341,0.13333333333333333,0.1632993161855452,0.7166666666666667,0.06666666666666665,38.516666666666666,16.33880860609692,155.0,57.35154749437891,5,2025-03-02 07:43:42
30.0,2.0,8.0,0.3,0.05,58.8280966500969,24.894598393751572,0.4231753160708552,33.700593118198775,0.6210407430061088,74.48944530550882,72.89809897402174,0.9786366199270193,0.13466666666666666,0.1622289191920547,0.6833333333333333,0.08164965809277258,39.81277777777778,25.328348413059494,142.1,76.97947778466673,5,2025-03-02 07:43:42
100.0,3.0,0.5,0.1,0.05,74.88452760871834,12.419452156689257,0.16584804035330974,33.47473549148149,0.44715286419022854,123.64503963640018,36.814791928517934,0.2977458055477054,0.13333333333333333,0.1632993161855452,0.7,0.09999999999999999,23.440555555555555,14.070298548167623,100.4,72.65700241545889,5,2025-03-02 07:43:47
90.0,2.0,1.0,0.1,0.05,48.53082046760095,20.77211419106016,0.4280190194791282,32.76735775124395,0.5243243330578765,47.33005245687711,61.116653445544124,1.2912864083814004,0.06666666666666667,0.13333333333333333,0.6500000000000001,0.08164965809277258,45.983333333333334,25.50165571966739,160.6,82.83139501420943,5,2025-03-02 07:43:47
60.0,2.0,0.5,0.3,0.05,61.3312822110005,11.44919478281879,0.18667789698949486,33.21264889137573,0.28040364570257265,84.59463690517325,34.026819660880285,0.4022337692520958,0.2,0.1632993161855452,0.75,0.0,37.43333333333333,10.467197438771382,167.9,66.82843706088,5,2025-03-02 07:43:47
90.0,3.0,5.0,0.3,0.05,53.40429547907113,22.93849736750608,0.429525324915026,33.36180539531205,0.31528619147913556,60.6283348289434,69.80730119090666,1.1513973027275244,0.13466666666666666,0.1622289191920547,0.6833333333333333,0.08164965809277258,43.93722222222222,20.408016882745365,157.6,55.2362200010102,5,2025-03-02 07:43:53
90.0,0.5,3.0,0.5,0.05,26.532078953182424,13.589095967695647,0.5121760715273947,33.25958565123039,0.44387372517604307,-19.854816082926504,42.04763694829553,2.117755046064265,0.0013333333333333342,0.002666666666666668,0.6833333333333333,0.08164965809277258,68.90833333333333,21.078991647820562,233.8,65.15949662175116,5,2025-03-02 07:43:53
70.0,0.5,0.5,0.1,0.05,65.47972335174792,10.356512717826414,0.15816366025544543,33.64384198170862,0.5200618683400936,94.53199861874677,30.169598676160255,0.3191469461873546,0.06666666666666667,0.13333333333333333,0.7,0.09999999999999999,28.69166666666667,11.419695461983407,120.8,62.87495526837375,5,2025-03-02 07:43:53
70.0,0.5,1.0,0.1,0.05,41.56826598478624,14.732595595617763,0.3544192967060453,32.98075323527835,0.432285618056067,25.890537008994556,43.70121166634742,1.687922179874651,0.0013333333333333342,0.0026666666666666683,0.6500000000000001,0.0816496580927726,57.665,14.938922317222216,213.7,48.35038779575609,5,2025-03-02 07:43:58
80.0,2.0,5.0,0.5,0.05,47.51263156528299,15.165464826596057,0.3191880627735491,33.0070990997701,0.6711978236537876,44.79936196001546,48.709947763150524,1.0872911048738898,0.07733333333333334,0.1287616229920839,0.6833333333333333,0.08164965809277258,47.507222222222225,16.751167049816683,176.6,59.27765177535291,5,2025-03-02 07:43:58
100.0,4.0,0.5,0.3,0.05,53.78849086240491,20.447870657509533,0.38015326940138094,32.95639300822428,0.38930471755086266,62.855070440662416,60.828703893064635,0.9677612874603211,0.06666666666666667,0.13333333333333333,0.6833333333333333,0.08164965809277258,38.20333333333333,24.66417419839734,135.6,79.1772694654217,5,2025-03-02 07:43:58
80.0,3.0,1.0,0.3,0.05,41.87123054075776,12.021114624341251,0.2870972376281087,33.204251660464955,0.3814087259884083,26.321934190839436,36.70815806722652,1.3945843721470021,0.0,0.0,0.6833333333333333,0.08164965809277258,54.033333333333324,8.56763937408925,231.0,12.0,5,2025-03-02 07:44:04
40.0,1.5,1.0,0.1,0.05,43.11705506259695,17.6896043815086,0.410269308880836,32.93305483122939,0.4236113427658943,31.351207057917946,55.24315360388744,1.7620742162122092,0.10133333333333334,0.1993500550399835,0.6833333333333333,0.08164965809277258,54.848333333333336,17.789394780786296,210.7,45.12161344632969,5,2025-03-02 07:44:04
30.0,2.0,3.0,0.3,0.05,44.95435397430702,17.02117458873221,0.37863239228085466,33.666499338278925,0.215439256719131,33.62972227384002,50.70731156765632,1.5078123796193423,0.2653333333333333,0.24731087049838038,0.75,0.0,48.113888888888894,14.658095138401164,216.7,48.49288607620709,5,2025-03-02 07:44:04
90.0,1.0,3.0,0.1,0.05,61.08375202547002,11.244410647846935,0.18408185933238624,33.373022975360456,0.4948825484822612,83.33410800366823,34.83491126010401,0.41801504923494986,0.13466666666666666,0.1622289191920547,0.75,0.0,38.06666666666666,11.280563421705102,165.3,68.9765177433596,5,2025-03-02 07:44:09
60.0,1.0,5.0,0.1,0.05,49.6630810421962,13.249820319864572,0.2667941666488004,33.207621183845454,0.4600255092148201,49.34285081451617,39.070658673926815,0.7918200515166145,0.06666666666666667,0.13333333333333333,0.7166666666666667,0.06666666666666665,47.36666666666667,13.06911116590056,203.4,43.199999999999996,5,2025-03-02 07:44:09
60.0,2.0,8.0,0.3,0.05,44.84175527852521,19.029504146392505,0.4243701886376817,33.11085644440548,0.38906870294172324,35.32236531602755,57.35047598151236,1.6236306789876707,0.13466666666666666,0.1649457823380492,0.6833333333333333,0.08164965809277258,51.96944444444445,19.55005478190045,182.6,65.10483852986658,5,2025-03-02 07:44:09
50.0,0.5,1.0,0.5,0.05,23.114494545598404,4.902888268178986,0.21211315084164892,33.294081990072335,0.13473318530037368,-30.572220346634527,14.732768428342089,0.4819005051415545,0.0,0.0,0.6333333333333334,0.06666666666666665,76.21166666666667,4.707593157159331,249.0,20.346989949375804,5,2025-03-02 07:44:15
90.0,1.0,5.0,0.1,0.05,36.242262147462235,8.291804760420273,0.2287882783553257,33.638638974021546,0.36389244575300683,7.6345881989812385,24.09250308420254,3.1557043361444763,0.06666666666666667,0.13333333333333333,0.6166666666666667,0.06666666666666665,61.78333333333334,7.830779725615523,225.0,0.0,5,2025-03-02 07:44:15
100.0,1.5,8.0,0.1,0.05,53.646308055671966,11.244300867563322,0.20960064681234805,33.484617605233396,0.3971253806143591,60.563368420594756,35.22460928688421,0.581615755620785,0.2,0.1632993161855452,0.7166666666666667,0.06666666666666665,46.12916666666666,11.311908807279057,204.7,40.6,5,2025-03-02 07:44:15
40.0,2.0,3.0,0.1,0.05,61.01074225610157,22.1463029761524,0.3629902236427485,33.57084683834978,0.36796648645846863,81.63473591642506,65.07749557231043,0.797178980758076,0.06666666666666667,0.13333333333333333,0.7166666666666667,0.06666666666666667,36.63333333333333,20.635837220180278,162.6,82.23284015525671,5,2025-03-02 07:44:20
70.0,4.0,1.0,0.1,0.05,56.149015464066835,8.823948724908497,0.15715233209307966,33.41446239842712,0.7315100816686234,68.19944072014039,27.470199826208834,0.4027921568878268,0.06666666666666667,0.13333333333333333,0.75,0.0,36.78333333333333,8.759058802811586,179.2,56.24375520891186,5,2025-03-02 07:44:20
60.0,1.5,8.0,0.1,0.05,63.48505171312752,17.477905408982235,0.2753074139084009,33.55351291023601,0.4996866949252917,88.85437391050088,50.66245564511182,0.5701740208775979,0.26666666666666666,0.2494438257849294,0.7666666666666667,0.11055415967851333,23.85,23.05213897041034,94.6,78.42601609160063,5,2025-03-02 07:44:20
40.0,1.0,5.0,0.1,0.05,69.54566614578076,28.50993202686008,0.4099454877187878,33.54768906813699,0.4517546415040156,107.38880796954996,84.95708638215429,0.7911167652242106,0.0,0.0,0.7000000000000001,0.09999999999999999,27.85,29.931421616755863,101.4,100.94275605510283,5,2025-03-02 07:44:26
50.0,1.0,3.0,0.1,0.05,53.35186084542231,19.391278345605915,0.3634602062295213,33.166994647076066,0.5274819179295839,61.19410823021185,59.26253905968726,0.968435373496121,0.13333333333333333,0.16060994849496577,0.75,0.0,35.416666666666664,23.176376861892034,145.7,84.8726104229156,5,2025-03-02 07:44:26
70.0,3.0,0.5,0.3,0.05,45.500916671113984,16.93848943686748,0.3722669931971017,33.248726123200264,0.4567778572238936,37.228218929715965,51.73092705815606,1.389562233847934,0.13666666666666666,0.1620150884605779,0.7166666666666667,0.06666666666666667,52.44,17.557918757959644,210.7,45.12161344632968,5,2025-03-02 07:44:26
80.0,3.0,5.0,0.3,0.05,50.02547953858506,24.486904545528557,0.48948865201065406,33.286084766139226,0.30600257925409924,50.221929201652664,73.6459430295175,1.4664100762400425,0.2,0.2666666666666667,0.7333333333333334,0.0816496580927726,46.95,27.279296178604024,175.7,91.62401431939118,5,2025-03-02 07:44:31
60.0,3.0,0.5,0.1,0.05,59.10050587315959,14.078750239885954,0.2382170851481628,33.51561719921712,0.354763710346465,76.64367530457181,43.07149306550791,0.5619706113302565,0.06666666666666667,0.13333333333333333,0.7166666666666667,0.06666666666666665,39.63333333333334,14.231967147548117,157.6,55.2362200010102,5,2025-03-02 07:44:31
90.0,4.0,3.0,0.1,0.05,47.70670199681499,18.957294191073224,0.3973717192259246,33.38476332900675,0.48616803626129473,43.64813679111037,58.88747146290341,1.3491405542629433,0.0,0.0,0.65,0.08164965809277258,51.9,19.114959237902305,183.1,51.357959461022205,5,2025-03-02 07:44:31
70.0,1.0,8.0,0.5,0.05,38.15656949722349,16.74106399128187,0.43874657003691214,33.36926441033821,0.48554282138012694,14.0790193487886,48.76456794902454,3.463633846999463,0.13333333333333333,0.1632993161855452,0.7166666666666667,0.06666666666666667,58.56666666666666,15.01500730750553,224.8,62.595207484279506,5,2025-03-02 07:44:37
90.0,2.0,5.0,0.5,0.05,34.00225450625029,17.403446591565174,0.5118321371415556,33.18356472413613,0.24523312138023276,2.566056313885619,52.83135537902626,20.588540903464054,0.0,0.0,0.7166666666666667,0.06666666666666667,59.66833333333334,18.573077522101052,215.8,58.55390678682337,5,2025-03-02 07:44:37
40.0,1.0,3.0,0.1,0.05,76.93816403925648,15.19632378137139,0.19751347034506447,33.20869925127096,0.4151564060750284,131.28173152317373,43.765917418075524,0.3333740110698495,0.13466666666666666,0.26601253103315764,0.75,0.0,21.166666666666664,14.724507160211209,95.6,74.26600837529914,5,2025-03-02 07:44:37
100.0,0.5,5.0,0.1,0.05,69.14943335719528,3.6937204523152865,0.05341649631798378,33.73599676717843,0.366540753097507,104.9004218397721,9.270226244438568,0.08837167746187119,0.2,0.1632993161855452,0.75,0.0,28.65,1.8472201336663212,109.2,6.368673331236263,5,2025-03-02 07:44:42
80.0,1.0,1.0,0.3,0.05,69.69380958316167,19.98482550467761,0.2867518022648891,33.60115205630103,0.4177161672974612,107.93934176037934,60.347782225031864,0.5590897743197408,0.26666666666666666,0.13333333333333333,0.6166666666666667,0.1130388330520878,24.710555555555555,22.784014484927425,83.6,79.16716491071283,5,2025-03-02 07:44:42
60.0,3.0,3.0,0.1,0.05,67.4897608815443,19.881656444777008,0.29458774464577825,33.56355900947463,0.4702681790574834,101.5424299887209,60.99202620819362,0.6006555704346299,0.0,0.0,0.6,0.3,27.3,20.3632021057593,139.8,104.62389784365712,5,2025-03-02 07:44:42
50.0,1.5,3.0,0.3,0.05,44.207466735134034,14.91015853003571,0.33727692698088513,32.93568206900791,0.2736967549866185,34.1074691308393,44.73188115232489,1.311498105612275,0.0026666666666666683,0.003265986323710906,0.6500000000000001,0.0816496580927726,53.53333333333334,14.692552913333717,203.4,43.199999999999996,5,2025-03-02 07:44:48
80.0,3.0,0.5,0.1,0.05,42.57167097535746,9.835415393295984,0.23103193198569058,33.57676579581875,0.17973916539364926,26.772954535442715,29.21863076709662,1.0913487612439732,0.0,0.0,0.7166666666666667,0.06666666666666665,45.74611111111111,12.795763621865895,206.8,52.69686897719826,5,2025-03-02 07:44:48
70.0,4.0,5.0,0.5,0.05,34.33491619323895,8.41489617860964,0.24508276447363678,33.365014578855664,0.22857235967577055,2.83955796710364,24.869518190214,8.758235781177238,0.19066666666666668,0.25049639607077073,0.6500000000000001,0.0816496580927726,60.220000000000006,9.875881957802273,225.0,0.0,5,2025-03-02 07:44:48
100.0,2.0,5.0,0.3,0.05,51.7473001587588,17.68539515454689,0.341764596419306,33.615889010192205,0.29503193992120813,54.24202077690351,53.33359907057947,0.9832524361498189,0.13199999999999998,0.16168006817305727,0.6833333333333333,0.08164965809277258,46.594166666666666,16.98397684420361,183.1,51.357959461022205,5,2025-03-02 07:44:53
30.0,4.0,3.0,0.3,0.05,45.331428049020964,10.57530184248089,0.23328852184062812,33.02548351751149,0.4933353979381558,37.320341617342855,32.28456292718464,0.8650661148337914,0.2013333333333333,0.2656781678815346,0.6833333333333333,0.08164965809277258,49.79055555555556,15.427173756831056,200.8,48.4,5,2025-03-02 07:44:53
30.0,3.0,3.0,0.3,0.05,42.92568915101437,10.14038846356958,0.23623123272162902,33.19041939107803,0.48405475931449404,29.6542787388427,31.900126552907402,1.0757343597476534,0.06666666666666667,0.13333333333333333,0.6833333333333333,0.08164965809277258,44.86944444444445,22.665926867012097,184.0,82.0,5,2025-03-02 07:44:53
60.0,1.0,3.0,0.1,0.05,62.37759625543818,20.52580627534204,0.3290573460267406,33.77235486137823,0.9317502510133143,84.08946647293506,58.88908857564303,0.7003146891721213,0.13333333333333333,0.1632993161855452,0.7666666666666667,0.03333333333333335,33.935,18.382040147926997,167.8,94.2409677369667,5,2025-03-02 07:44:59
30.0,4.0,0.5,0.1,0.05,57.63175803669556,22.196294629154426,0.3851399885289201,32.9379895861432,0.44642481012129404,75.39700768060058,67.92910325848302,0.9009522439702998,0.2,0.2666666666666667,0.6500000000000001,0.08164965809277258,38.21666666666666,22.60725055768122,135.8,78.88574015625385,5,2025-03-02 07:44:59
40.0,0.5,3.0,0.1,0.05,55.49745850761748,20.597133888455822,0.3711365248487676,33.35861030028877,0.5346137406502252,66.24669334038549,60.504421249284704,0.913319868486173,0.0,0.0,0.7166666666666667,0.06666666666666665,42.3,20.73246246831283,184.2,81.60000000000001,5,2025-03-02 07:44:59
100.0,1.0,1.0,0.3,0.05,43.31891518155015,7.472975203847551,0.17251067282105778,32.94441153074395,0.3673224749571848,31.642371373262115,23.325632661066784,0.7371644933279875,0.005333333333333336,0.007774602526460404,0.7166666666666667,0.06666666666666667,50.266666666666666,8.604721643836088,234.0,18.0,5,2025-03-02 07:45:04
60.0,4.0,8.0,0.1,0.05,61.746821055401725,20.939085744773458,0.339111963771966,33.17131877107099,0.255026344190957,86.0252842476467,62.327942689895,0.7245305055949297,0.06666666666666667,0.13333333333333333,0.7333333333333334,0.0816496580927726,36.614444444444445,21.069720711585088,162.4,82.57747876994065,5,2025-03-02 07:45:04
60.0,4.0,5.0,0.3,0.05,50.62334919992051,19.861108674269268,0.3923309893194592,33.56931955352805,0.6091124308003136,50.89687684104513,59.280991507523,1.1647274879490563,0.13333333333333333,0.1632993161855452,0.7166666666666667,0.06666666666666665,48.75388888888889,19.802860000452736,189.1,57.310034025465384,5,2025-03-02 07:45:04
40.0,1.0,8.0,0.3,0.05,43.67977059256971,11.26310192226106,0.25785625174911075,33.62421814918336,0.4917883997888001,29.587519446025944,32.3894539981449,1.0946998803745713,0.13466666666666666,0.15699398431504027,0.6833333333333333,0.08164965809277258,54.42083333333333,11.298495475062158,225.0,0.0,5,2025-03-02 07:45:10
50.0,1.5,5.0,0.1,0.05,47.486191749409834,13.056168054153186,0.2749466228635917,33.470572968122184,0.3179903945324906,41.9900350646471,39.46992546627305,0.939983150895346,0.06933333333333333,0.13203366574055606,0.7166666666666667,0.12472191289246469,41.044444444444444,24.039406948170605,160.8,85.35197712999975,5,2025-03-02 07:45:10
80.0,0.5,0.5,0.5,0.05,20.45655907914788,4.530050105205725,0.22144731612382315,33.32709571629978,0.16801699552146102,-38.626516894221304,13.531122231633548,0.35030655931748955,0.0,0.0,0.6833333333333333,0.08164965809277258,75.88888888888889,9.362133310493757,267.0,6.0,5,2025-03-02 07:45:10
30.0,1.5,3.0,0.3,0.05,43.28426165385027,21.8401390980977,0.5045746020287019,32.89298510566708,0.37890187373497375,31.742561856932667,66.75650025323978,2.103059625562641,0.13466666666666666,0.1622289191920547,0.6333333333333334,0.09999999999999999,55.18333333333334,22.795735468625608,200.6,88.042262578832,5,2025-03-02 07:45:15
50.0,4.0,0.5,0.1,0.05,78.31843490058608,12.111224297626507,0.15464078556983363,33.02289713947386,0.24955829844335928,137.17223679678025,36.716648037159786,0.26766821694068643,0.13333333333333333,0.1632993161855452,0.7,0.09999999999999999,15.23333333333333,11.557393016304902,55.6,39.60101008812781,5,2025-03-02 07:45:15
40.0,0.5,0.5,0.3,0.05,40.95404948064156,14.941693336023942,0.3648404376491923,33.86398092332053,0.3339438450614259,20.73544248678379,43.389186200196036,2.0925131560539945,0.005333333333333336,0.007774602526460403,0.7166666666666667,0.06666666666666667,47.92111111111112,21.170431686146078,182.6,65.10483852986658,5,2025-03-02 07:45:15
70.0,1.0,1.0,0.1,0.05,53.10790646868331,21.0546597996452,0.3964505701624808,33.48618191602621,0.4832391195042068,58.57333906338196,62.78575863979576,1.071917012821406,0.13466666666666666,0.1622289191920547,0.6,0.31797973380564853,34.25722222222222,30.903585512539873,119.2,105.41992221586962,5,2025-03-02 07:45:21
80.0,1.5,5.0,0.3,0.05,53.09096998524596,14.293472287304592,0.2692260527784059,33.54527561625345,0.6516409030648181,58.67919018513176,43.76863763306431,0.7458970973351041,0.13399999999999998,0.1641191978749321,0.7166666666666667,0.06666666666666667,42.86666666666666,12.612339636685617,180.5,54.84888330677298,5,2025-03-02 07:45:21
30.0,4.0,8.0,0.3,0.05,54.160754478965785,14.530032824811835,0.2682760416577064,33.14768694131489,0.532873258999079,63.0234458070798,42.5669084145958,0.6754138538361862,0.0026666666666666683,0.005333333333333336,0.7166666666666667,0.06666666666666665,44.60166666666667,14.72889111010511,189.5,64.29152354704311,5,2025-03-02 07:45:21
30.0,3.0,0.5,0.1,0.05,64.45046106474598,19.92454432262305,0.3091451014230472,33.52145605882164,0.3470668707730764,92.30858047016338,60.04198321349768,0.6504485596862241,0.13466666666666666,0.1622289191920547,0.75,0.10540925533894596,28.766666666666662,23.91340860502975,117.4,93.52774989274573,5,2025-03-02 07:45:26
90.0,0.5,8.0,0.5,0.05,22.691710270303087,3.8382070410435984,0.16914578034546413,33.58046198539905,0.21351397660610583,-32.438773526162706,11.336819337642412,0.34948359957256014,0.13333333333333333,0.1632993161855452,0.7166666666666667,0.06666666666666665,76.37777777777778,3.698039186807044,255.0,16.431676725154983,5,2025-03-02 07:45:26
30.0,0.5,8.0,0.1,0.05,54.90213428774187,16.245246139196464,0.2958946195799091,33.76466075078364,0.39963631335145805,62.675550110844014,48.53944986656774,0.7744559047463315,0.06666666666666667,0.13333333333333333,0.7166666666666667,0.06666666666666665,41.001666666666665,13.511929297229663,181.8,52.908978444116656,5,2025-03-02 07:45:26
80.0,0.5,3.0,0.3,0.05,48.01424846973301,19.638200044592352,0.409007756457373,33.46217828253815,0.3873871933698917,43.422095267473836,58.60334887905563,1.3496204758906143,0.20266666666666663,0.16554824741513338,0.7166666666666667,0.06666666666666667,49.147222222222226,20.503458004040606,182.6,65.10483852986658,5,2025-03-02 07:45:32
30.0,4.0,8.0,0.5,0.05,63.8333136592579,14.947561134931044,0.23416552076116706,33.19849181994649,0.6726909454546731,91.51111798049855,42.71338963761215,0.4667562868887098,0.13466666666666666,0.1622289191920547,0.7333333333333334,0.0816496580927726,34.031111111111116,15.481404057931513,128.2,48.4,5,2025-03-02 07:45:32
100.0,4.0,3.0,0.3,0.05,55.50996612761725,22.29751427973784,0.40168488354822485,33.505805440350514,0.6208621303286351,65.40056149204347,65.63070505892,1.0035189845717845,0.13466666666666666,0.1622289191920547,0.6666666666666667,0.10540925533894598,39.86333333333333,18.888377966946297,166.7,76.69132936649358,5,2025-03-02 07:45:32
40.0,1.5,8.0,0.5,0.05,41.900910653308316,14.471370423520517,0.3453712627693909,33.188785088665526,0.5801003010505481,26.144410644946333,43.41236463439845,1.6604835819005153,0.01666666666666667,0.012292725943057184,0.6500000000000001,0.08164965809277258,49.02111111111111,22.91367870083148,185.6,78.8,5,2025-03-02 07:45:36
40.0,0.5,1.0,0.1,0.05,71.82217087218937,6.663787401954135,0.09278175974118952,33.2239040010482,0.4846769188014356,116.12922929702265,19.12317838353492,0.16467153445601318,0.46733333333333327,0.16411919787493207,0.7333333333333333,0.03333333333333335,25.333333333333332,9.302329457363534,100.5,37.02836750384764,5,2025-03-02 07:45:36
100.0,1.0,3.0,0.1,0.05,56.67407240197288,21.364216613349317,0.3769663217744276,33.21414467227272,0.5332348800315583,70.88398993252076,64.96051826792109,0.9164342798671657,0.13333333333333333,0.1632993161855452,0.6333333333333334,0.09999999999999999,35.13333333333333,25.627329162439068,121.2,89.41901363804008,5,2025-03-02 07:45:36
40.0,4.0,5.0,0.7,0.05,33.92132659031596,8.045678898994588,0.23718644604222264,33.188433203700164,0.22794044323696272,2.177486286369776,24.03041395765378,11.035850883688637,0.13466666666666666,0.1649457823380492,0.7166666666666667,0.06666666666666665,66.17222222222222,8.814244223673855,258.0,17.4928556845359,5,2025-03-02 07:45:42
90.0,3.0,0.5,0.7,0.05,29.88017877778475,10.003342088417314,0.3347818687033619,33.64441500650072,0.5862453330712686,-10.791024325194503,31.015355290710428,2.874180833630119,0.07733333333333334,0.14468970630667238,0.7166666666666667,0.06666666666666667,68.58500000000001,10.128508171383274,270.0,0.0,5,2025-03-02 07:45:42
70.0,3.0,0.5,0.5,0.05,55.90632738762331,20.227402591229705,0.3618088244463667,33.055699811251245,0.5497161539690111,69.05722566308401,60.60305186137753,0.8775772742022296,0.27466666666666667,0.1378823975551468,0.7666666666666667,0.03333333333333335,37.85055555555556,18.95591396039964,169.76666666666668,91.08137997295484,5,2025-03-02 07:45:42
60.0,4.0,5.0,0.5,0.05,46.82534552726471,15.07411624955385,0.3219221573234678,33.20994459330419,0.6071028499712545,41.27611017206471,46.5242205766702,1.1271464385265006,0.2013333333333333,0.2656781678815346,0.6666666666666667,0.07453559924999298,43.330555555555556,23.574792983132024,161.4,81.51711476739102,5,2025-03-02 07:45:47
30.0,2.0,8.0,0.1,0.05,68.89145017773117,14.828497952315184,0.21524438684422445,33.46988397124226,0.3015364191583219,105.96526353107008,44.72566813746898,0.42207858166987866,0.13333333333333333,0.1632993161855452,0.75,0.0,29.95,14.965850014839338,141.0,77.02467137222982,5,2025-03-02 07:45:47
70.0,2.0,0.5,0.3,0.05,60.997450553920146,18.914641954240672,0.31008905753398047,33.24061355034825,0.38862511266033156,83.25837566885676,55.70763537376463,0.6690934686899299,0.06666666666666667,0.13333333333333333,0.7166666666666667,0.06666666666666667,35.53222222222222,20.395253744649562,159.8,84.1555702256244,5,2025-03-02 07:45:47
70.0,3.0,1.0,0.5,0.05,39.95739269925794,17.55477105452274,0.43933725072228635,33.39308809765737,0.30950122766840654,19.78808420064869,52.944138133652295,2.6755565418463645,0.0013333333333333342,0.002666666666666668,0.7166666666666667,0.06666666666666667,58.98111111111111,17.120369284698402,212.8,56.02999196858768,5,2025-03-02 07:45:53
80.0,4.0,5.0,0.5,0.05,37.77162007258521,16.665330801228052,0.44121302631982723,33.23864509559644,0.31312983217878065,13.944477436948972,51.33179584747091,3.6811559328466466,0.06666666666666667,0.13333333333333333,0.7166666666666667,0.06666666666666667,58.39666666666667,16.909083175239292,212.8,56.02999196858768,5,2025-03-02 07:45:53
70.0,1.5,0.5,0.3,0.05,55.79319214843356,26.36491529145957,0.4725471742379915,33.203245658295636,0.3785961909566537,68.05484935967094,79.3028933130868,1.1652790956008112,0.23333333333333334,0.32659863237109044,0.65,0.06236095644623234,39.995,27.278275193473362,151.6,102.73383084456648,5,2025-03-02 07:45:53
60.0,4.0,3.0,0.5,0.05,56.26585624105328,21.35831923296114,0.37959644906954176,33.267220424868064,0.4184685054175031,69.59063952913407,65.36539280189369,0.9392842664497791,0.20400000000000001,0.26370353724505774,0.75,0.10540925533894596,31.627777777777776,20.90729360596263,111.4,65.45716156388085,5,2025-03-02 07:45:58
80.0,4.0,3.0,0.5,0.05,52.86738762041684,24.147507097103514,0.45675620044781623,33.429638374687954,0.44024409388278046,57.89495974002166,71.12071757286967,1.2284440284998643,0.3313333333333333,0.20988462439053404,0.7,0.06666666666666667,33.15833333333334,26.57642671222231,126.02666666666667,98.11763099010855,5,2025-03-02 07:45:58
50.0,0.5,1.0,0.3,0.05,37.90917035099157,18.23990387514212,0.48114753518115505,33.6298737249914,0.18177603509302745,12.523554105978363,53.64855725201295,4.283812470327634,0.008000000000000004,0.009797958971132718,0.7166666666666667,0.06666666666666665,55.68555555555556,26.373021100649595,205.0,93.64827814754524,5,2025-03-02 07:45:58
70.0,4.0,3.0,0.1,0.05,50.143378869126316,11.350863340842992,0.2263681386623072,33.304545364185344,0.6379261643780023,51.199379889910304,36.475628029536836,0.7124232384838897,0.13333333333333333,0.1632993161855452,0.7166666666666667,0.06666666666666665,41.03333333333333,21.007445769959226,184.2,81.60000000000001,5,2025-03-02 07:46:04
80.0,1.0,8.0,0.5,0.05,27.31821817627568,4.985683711417889,0.1825039861401968,33.41261463163146,0.3248758613280514,-18.334674250801637,14.319040322148249,0.7809814412995194,0.08533333333333334,0.1706666666666667,0.6500000000000001,0.08164965809277258,68.59222222222222,6.777054241890858,243.0,22.045407685048602,5,2025-03-02 07:46:04
80.0,1.5,0.5,0.3,0.05,61.67197846073009,21.255167383203794,0.3446487029232915,32.73494159135631,0.47214149982758696,88.51291218392207,65.08792236436535,0.7353494621114528,0.2013333333333333,0.2656781678815346,0.7166666666666667,0.06666666666666667,35.437222222222225,22.440625885287975,138.44666666666666,77.93389107299711,5,2025-03-02 07:46:04
90.0,0.5,0.5,0.1,0.05,54.92216927781866,23.281277953990074,0.42389581948636995,32.96298577121201,0.335586769620639,67.15249671856672,72.177044582773,1.074822949402223,0.06666666666666667,0.13333333333333333,0.6833333333333333,0.08164965809277258,41.52027777777778,23.771709889054737,160.6,82.83139501420943,5,2025-03-02 07:46:08
50.0,3.0,1.0,0.1,0.05,66.58239250728431,22.47086553328157,0.3374896077941806,33.45606553898615,0.2326947790262242,98.63814053590387,65.93932850608124,0.6684972785155008,0.0,0.0,0.75,0.10540925533894596,29.65,24.479265602636946,117.4,93.52774989274573,5,2025-03-02 07:46:08
30.0,4.0,3.0,0.1,0.05,69.18188133311483,19.21024790245802,0.2776774428836294,33.34523507553121,0.3420382924233766,107.8638728319733,59.23546495447764,0.5491687197876962,0.0013333333333333342,0.002666666666666668,0.7,0.09999999999999999,30.166666666666668,18.506155132219597,145.4,97.4978974132263,5,2025-03-02 07:46:08
80.0,1.0,0.5,0.1,0.05,59.35960516592778,21.423366772507467,0.36090817505646766,32.846075483172186,0.3655485593393386,80.56993455152778,64.75954264394133,0.8037680929543879,0.2,0.1632993161855452,0.75,0.0,37.17,23.353003243562213,144.2,85.5415688422886,5,2025-03-02 07:46:14
40.0,1.0,0.5,0.1,0.05,56.40355194772256,14.492621579574726,0.2569451936822554,32.93845096597986,0.4278975112127154,71.39260064979513,44.747305571822636,0.6267779176629706,0.06666666666666667,0.13333333333333333,0.7166666666666667,0.06666666666666667,40.32555555555556,14.192077254233205,181.8,52.90897844411664,5,2025-03-02 07:46:14
30.0,4.0,1.0,0.5,0.05,43.25033262574858,21.67672856151586,0.5011921815512437,33.39228305811424,0.7058194681338246,30.38159651733692,66.74387208645274,2.1968520333803423,0.06666666666666667,0.13333333333333333,0.6833333333333333,0.08164965809277258,52.69222222222222,23.262816154371738,182.6,65.10483852986658,5,2025-03-02 07:46:14
30.0,3.0,0.5,0.7,0.05,33.78450453382121,7.66944191349862,0.22701063754896406,33.1686560760427,0.4600399678428699,1.8453650158745312,23.14117089460483,12.540159098896794,0.124,0.152,0.7166666666666667,0.06666666666666665,63.04333333333334,8.393097104903868,258.0,17.4928556845359,5,2025-03-02 07:46:19
50.0,0.5,8.0,0.3,0.05,38.350518343132464,17.618347841172838,0.45940312158330465,33.26429193675217,0.3179279567838843,15.244624988298046,52.65007752859967,3.4536813840297476,0.13466666666666666,0.26601253103315764,0.7166666666666667,0.06666666666666667,60.17277777777779,17.819539525164192,221.8,60.68739572596603,5,2025-03-02 07:46:19
70.0,1.5,5.0,0.1,0.05,49.20382245167068,10.668792017260191,0.21682852033984484,33.14971699456264,0.4854996485298599,48.180011234161476,30.94233554771016,0.6422235021350692,0.06666666666666667,0.13002563849743892,0.75,0.0,41.11388888888889,6.025872714828005,200.8,48.4,5,2025-03-02 07:46:19
40.0,2.0,0.5,0.3,0.05,47.32524559875868,15.92017901971348,0.33639929002568264,33.40555365290585,0.48860936663882626,41.36610960327209,46.83433140584347,1.1321908648170007,0.06799999999999999,0.13269178991599712,0.6833333333333333,0.08164965809277258,50.733333333333334,16.410142527649715,200.8,48.4,5,2025-03-02 07:46:25
30.0,1.0,8.0,0.1,0.05,53.33500546874525,21.300035294828845,0.39936314072960655,33.63905871258317,0.2242837398422356,58.42447461277144,62.91173804097002,1.076804514853398,0.26666666666666666,0.3265986323710904,0.6333333333333334,0.09999999999999999,44.43333333333334,23.109966584907813,161.4,81.51711476739102,5,2025-03-02 07:46:25
30.0,3.0,8.0,0.5,0.05,45.244127579589914,14.915903500478581,0.32967601097489824,33.41820142390442,0.3942172495670961,34.933120108907396,42.90339541032303,1.2281581283483274,0.2026666666666667,0.16008886421123877,0.75,0.0,49.43888888888888,14.436444365768388,206.8,52.69686897719826,5,2025-03-02 07:46:25
40.0,2.0,1.0,0.1,0.05,58.240706880771164,22.03893902882767,0.37841125578961815,33.35285953016816,0.5819627270878525,75.08584175190076,67.52048270602603,0.8992438671611054,0.06666666666666667,0.13333333333333333,0.7166666666666667,0.12472191289246469,39.16111111111111,25.006075804901773,134.0,81.54262688925346,5,2025-03-02 07:46:30
40.0,1.5,3.0,0.5,0.05,46.66083050423098,18.80242619418707,0.40295952710233385,32.949137857315236,0.5174095131476263,42.43438942618251,59.234263918427935,1.3959023499435508,0.06799999999999999,0.13269178991599712,0.6833333333333333,0.08164965809277258,42.34166666666667,26.11834060673424,141.66666666666666,86.42710480193378,5,2025-03-02 07:46:30
50.0,1.0,5.0,0.1,0.05,59.62966643210317,17.32981124333794,0.29062398433958014,32.92089913257761,0.3154707923569036,80.75804408146946,51.86911286249932,0.642277973079354,0.13333333333333333,0.26666666666666666,0.75,0.0,35.78333333333334,19.219463514306998,134.2,60.400000000000006,5,2025-03-02 07:46:30
