gamma,learning_rate,initial_t,power_t,noise_sigma,final_ctr,time_sensitivity,context_coverage,average_regret,max_regret,worst_context,timestamp
5.0,0.1,0.5,0.1,0.05,21.437741588049768,0.0,0.75,75.21111111111111,255.0,high_roller_evening,2025-03-01 10:15:22
5.0,0.1,0.5,0.3,0.05,17.86551483025825,0.0,0.5833333333333334,82.12916666666666,270.0,high_roller_evening,2025-03-01 10:15:22
5.0,0.1,0.5,0.5,0.05,18.19622112669128,0.0,0.5833333333333334,82.10000000000001,269.5,high_roller_evening,2025-03-01 10:15:22
5.0,0.1,0.5,0.7,0.05,18.529305488758325,0.016666666666666677,0.5833333333333334,82.12499999999999,270.0,high_roller_evening,2025-03-01 10:15:22
5.0,0.1,0.5,0.9,0.05,13.757966386999609,0.02333333333333334,0.75,89.13194444444446,270.5,high_roller_evening,2025-03-01 10:15:23
5.0,0.1,1.0,0.3,0.05,67.25030047136015,0.0,0.75,31.083333333333332,104.0,sports_enthusiast_afternoon,2025-03-01 10:15:23
5.0,0.1,1.0,0.1,0.05,29.866419614788292,0.3333333333333333,0.5833333333333334,68.08333333333333,225.0,high_roller_evening,2025-03-01 10:15:23
5.0,0.1,1.0,0.5,0.05,17.793922941783112,0.0,0.5833333333333334,82.125,270.0,high_roller_evening,2025-03-01 10:15:23
5.0,0.1,1.0,0.7,0.05,18.587660350844466,0.026666666666666682,0.5833333333333334,81.69722222222222,270.0,high_roller_evening,2025-03-01 10:15:23
5.0,0.1,3.0,0.3,0.05,70.78167174589916,0.0,0.75,31.083333333333332,104.0,sports_enthusiast_afternoon,2025-03-01 10:15:24
5.0,0.1,3.0,0.1,0.05,19.22930877789231,0.0,0.75,78.0,270.0,high_roller_evening,2025-03-01 10:15:24
5.0,0.1,1.0,0.9,0.05,14.04694916672934,0.3133333333333333,0.75,85.83194444444445,266.0,high_roller_evening,2025-03-01 10:15:24
5.0,0.1,3.0,0.5,0.05,17.77571178198082,0.0,0.6666666666666666,81.78194444444445,270.0,high_roller_evening,2025-03-01 10:15:25
5.0,0.1,3.0,0.7,0.05,16.109771228749267,0.020000000000000014,0.5833333333333334,81.36805555555556,261.0,high_roller_evening,2025-03-01 10:15:25
5.0,0.1,5.0,0.1,0.05,19.010114841270372,0.0066666666666666706,0.75,80.5,255.0,high_roller_evening,2025-03-01 10:15:25
5.0,0.1,3.0,0.9,0.05,18.804543926216763,0.05999999999999998,0.75,82.56527777777778,269.5,high_roller_evening,2025-03-01 10:15:25
5.0,0.1,5.0,0.3,0.05,68.21042027845102,0.0,0.75,31.083333333333332,104.0,sports_enthusiast_afternoon,2025-03-01 10:15:25
5.0,0.1,5.0,0.5,0.05,17.7113899994117,0.0066666666666666706,0.5833333333333334,82.10833333333333,270.0,high_roller_evening,2025-03-01 10:15:25
5.0,0.1,5.0,0.7,0.05,18.206845688497467,0.013333333333333341,0.5833333333333334,82.16666666666667,270.0,high_roller_evening,2025-03-01 10:15:25
5.0,0.1,5.0,0.9,0.05,11.174428201990535,0.04999999999999997,0.75,89.38055555555555,283.5,high_roller_evening,2025-03-01 10:15:25
5.0,0.1,8.0,0.1,0.05,28.364156556003493,0.0066666666666666706,0.5833333333333334,71.23055555555555,225.0,high_roller_evening,2025-03-01 10:15:26
5.0,0.1,8.0,0.3,0.05,17.55169298868074,0.0066666666666666706,0.5833333333333334,82.14166666666667,270.0,high_roller_evening,2025-03-01 10:15:26
5.0,0.1,8.0,0.5,0.05,17.817702486111884,0.0,0.5833333333333334,82.125,270.0,high_roller_evening,2025-03-01 10:15:26
5.0,0.1,8.0,0.7,0.05,18.17360543593198,0.02000000000000001,0.5833333333333334,82.10000000000001,270.0,high_roller_evening,2025-03-01 10:15:26
5.0,0.5,0.5,0.3,0.05,54.676154095594,0.0066666666666666706,0.75,28.083333333333332,104.0,sports_enthusiast_afternoon,2025-03-01 10:15:27
5.0,0.5,0.5,0.1,0.05,68.93106508274602,0.3333333333333333,0.75,31.833333333333332,104.0,sports_enthusiast_afternoon,2025-03-01 10:15:27
5.0,0.1,8.0,0.9,0.05,17.150875222053493,0.049999999999999996,0.75,84.8888888888889,256.5,high_roller_evening,2025-03-01 10:15:27
5.0,0.5,0.5,0.5,0.05,17.44735776620299,0.0,0.5833333333333334,82.125,270.0,high_roller_evening,2025-03-01 10:15:27
5.0,0.5,0.5,0.9,0.05,7.873443439903831,0.0066666666666666706,0.75,92.73055555555554,285.0,high_roller_evening,2025-03-01 10:15:27
5.0,0.5,0.5,0.7,0.05,19.887270398783773,0.0,0.5833333333333334,82.10694444444444,270.0,high_roller_evening,2025-03-01 10:15:27
5.0,0.5,1.0,0.1,0.05,30.99484223012178,0.0,0.5833333333333334,64.5,225.0,high_roller_evening,2025-03-01 10:15:27
5.0,0.5,1.0,0.3,0.05,27.828072762500344,0.0,0.5833333333333334,67.25,225.0,high_roller_evening,2025-03-01 10:15:27
5.0,0.5,1.0,0.9,0.05,8.190645310630961,0.013333333333333341,0.75,92.825,285.0,high_roller_evening,2025-03-01 10:15:28
5.0,0.5,1.0,0.5,0.05,52.411592775524944,0.0,0.75,25.75,104.0,sports_enthusiast_afternoon,2025-03-01 10:15:28
5.0,0.5,1.0,0.7,0.05,15.158045643982495,0.0066666666666666706,0.75,88.80277777777776,270.0,high_roller_evening,2025-03-01 10:15:28
5.0,0.5,3.0,0.1,0.05,37.57289692787799,0.6666666666666666,0.75,26.5,104.0,sports_enthusiast_afternoon,2025-03-01 10:15:28
5.0,0.5,3.0,0.3,0.05,28.24507674761734,0.0,0.5833333333333334,71.20833333333333,225.0,high_roller_evening,2025-03-01 10:15:29
5.0,0.5,3.0,0.5,0.05,17.44936886595096,0.0,0.5833333333333334,82.125,270.0,high_roller_evening,2025-03-01 10:15:29
5.0,0.5,3.0,0.9,0.05,11.769303890391035,0.33,0.75,89.34444444444445,270.5,high_roller_evening,2025-03-01 10:15:29
5.0,0.5,3.0,0.7,0.05,17.75989438557546,0.0,0.5833333333333334,82.125,270.0,high_roller_evening,2025-03-01 10:15:29
5.0,0.5,5.0,0.1,0.05,51.843187750816284,0.0066666666666666706,0.75,46.5,225.0,high_roller_evening,2025-03-01 10:15:30
5.0,0.5,5.0,0.5,0.05,69.12614022675697,0.0,0.75,31.083333333333332,104.0,sports_enthusiast_afternoon,2025-03-01 10:15:30
5.0,0.5,5.0,0.3,0.05,24.40410589477379,0.0,0.75,73.91666666666667,255.0,high_roller_evening,2025-03-01 10:15:30
5.0,0.5,5.0,0.7,0.05,18.040667329974276,0.0,0.6666666666666666,81.78194444444445,270.0,high_roller_evening,2025-03-01 10:15:30
5.0,0.5,5.0,0.9,0.05,16.00865351718623,0.016666666666666673,0.75,84.53472222222223,255.0,high_roller_evening,2025-03-01 10:15:30
5.0,0.5,8.0,0.3,0.05,24.871463571465743,0.013333333333333341,0.75,73.91666666666667,255.0,high_roller_evening,2025-03-01 10:15:30
5.0,0.5,8.0,0.1,0.05,66.5964476362555,0.3333333333333333,0.75,31.833333333333332,104.0,sports_enthusiast_afternoon,2025-03-01 10:15:30
5.0,0.5,8.0,0.5,0.05,21.962981477456285,0.0,0.75,75.16666666666667,255.0,high_roller_evening,2025-03-01 10:15:30
5.0,1.0,0.5,0.1,0.05,50.26062400707015,0.0,0.75,46.5,225.0,high_roller_evening,2025-03-01 10:15:31
5.0,1.0,0.5,0.3,0.05,24.086640774487545,0.010000000000000004,0.75,75.18055555555556,255.0,high_roller_evening,2025-03-01 10:15:31
5.0,0.5,8.0,0.9,0.05,18.30576068120416,0.020000000000000007,0.5833333333333334,81.59444444444445,270.0,high_roller_evening,2025-03-01 10:15:31
5.0,0.5,8.0,0.7,0.05,15.003949207694319,0.010000000000000004,0.75,84.625,255.0,high_roller_evening,2025-03-01 10:15:31
5.0,1.0,0.5,0.7,0.05,17.8997880450768,0.0,0.5833333333333334,81.375,261.0,high_roller_evening,2025-03-01 10:15:32
5.0,1.0,0.5,0.5,0.05,17.756893205360456,0.0,0.5833333333333334,82.125,270.0,high_roller_evening,2025-03-01 10:15:32
5.0,1.0,1.0,0.1,0.05,30.43340450051246,0.3333333333333333,0.5833333333333334,68.91666666666667,225.0,high_roller_evening,2025-03-01 10:15:32
5.0,1.0,0.5,0.9,0.05,12.657143212076186,0.0066666666666666706,0.75,92.81527777777778,284.5,high_roller_evening,2025-03-01 10:15:32
5.0,1.0,1.0,0.5,0.05,38.094749487538195,0.32,0.75,58.05555555555555,270.0,high_roller_evening,2025-03-01 10:15:32
5.0,1.0,1.0,0.3,0.05,23.12028723381864,0.0,0.75,75.16666666666667,255.0,high_roller_evening,2025-03-01 10:15:32
5.0,1.0,1.0,0.9,0.05,12.964922581548757,0.033333333333333354,0.75,86.125,270.0,high_roller_evening,2025-03-01 10:15:32
5.0,1.0,1.0,0.7,0.05,19.376448707955362,0.0066666666666666706,0.75,80.5,255.0,high_roller_evening,2025-03-01 10:15:32
5.0,1.0,3.0,0.1,0.05,23.106557861659653,0.0,0.75,73.49166666666666,255.0,high_roller_evening,2025-03-01 10:15:34
5.0,1.0,3.0,0.3,0.05,22.4834167020119,0.013333333333333341,0.75,73.50833333333334,255.0,high_roller_evening,2025-03-01 10:15:34
5.0,1.0,3.0,0.5,0.05,28.398536389169813,0.32,0.75,60.422222222222224,270.0,high_roller_evening,2025-03-01 10:15:34
5.0,1.0,3.0,0.7,0.05,17.67289219264171,0.0,0.5833333333333334,82.09583333333333,270.0,high_roller_evening,2025-03-01 10:15:34
5.0,1.0,3.0,0.9,0.05,17.884099142923933,0.0066666666666666706,0.5833333333333334,82.125,270.0,high_roller_evening,2025-03-01 10:15:34
5.0,1.0,5.0,0.5,0.05,18.919066059946495,0.0,0.75,76.75,270.0,high_roller_evening,2025-03-01 10:15:34
5.0,1.0,5.0,0.3,0.05,71.01864271340418,0.0066666666666666706,0.75,27.375,104.0,sports_enthusiast_afternoon,2025-03-01 10:15:34
5.0,1.0,5.0,0.1,0.05,24.923069833352837,0.0066666666666666706,0.75,73.91666666666667,255.0,high_roller_evening,2025-03-01 10:15:34
5.0,1.0,5.0,0.9,0.05,9.349363403576241,0.013333333333333341,0.75,91.47916666666667,285.0,high_roller_evening,2025-03-01 10:15:35
5.0,1.0,5.0,0.7,0.05,17.705078508721265,0.0066666666666666706,0.5833333333333334,82.125,270.0,high_roller_evening,2025-03-01 10:15:35
5.0,1.0,8.0,0.1,0.05,93.54808909350172,0.0,0.75,5.0,24.0,casual_player_evening,2025-03-01 10:15:35
5.0,1.0,8.0,0.3,0.05,31.093274082183594,0.0,0.5833333333333334,67.25,225.0,high_roller_evening,2025-03-01 10:15:35
5.0,1.0,8.0,0.9,0.05,19.42799112975023,0.0066666666666666706,0.75,80.61805555555556,255.0,high_roller_evening,2025-03-01 10:15:36
5.0,1.0,8.0,0.7,0.05,17.716409979347276,0.0,0.5833333333333334,82.125,270.0,high_roller_evening,2025-03-01 10:15:36
5.0,1.0,8.0,0.5,0.05,20.033918700203767,0.0,0.75,75.16666666666667,255.0,high_roller_evening,2025-03-01 10:15:36
5.0,1.5,0.5,0.1,0.05,44.3285340593335,0.0,0.75,53.166666666666664,255.0,high_roller_evening,2025-03-01 10:15:36
5.0,1.5,0.5,0.3,0.05,51.152282379677104,0.0,0.75,46.5,225.0,high_roller_evening,2025-03-01 10:15:36
5.0,1.5,0.5,0.5,0.05,39.57916365918672,0.3333333333333333,0.75,56.300000000000004,270.0,high_roller_evening,2025-03-01 10:15:36
5.0,1.5,0.5,0.9,0.05,17.757322277652776,0.0066666666666666706,0.5833333333333334,82.22222222222221,270.0,high_roller_evening,2025-03-01 10:15:36
5.0,1.5,0.5,0.7,0.05,19.07501129293162,0.0,0.75,80.5,255.0,high_roller_evening,2025-03-01 10:15:36
5.0,1.5,1.0,0.1,0.05,52.56598443032195,0.0,0.75,46.5,225.0,high_roller_evening,2025-03-01 10:15:37
5.0,1.5,1.0,0.3,0.05,33.993891914139766,0.0,0.5833333333333334,64.5,225.0,high_roller_evening,2025-03-01 10:15:37
5.0,1.5,1.0,0.7,0.05,19.19795349227604,0.0066666666666666706,0.75,80.54166666666667,255.5,high_roller_evening,2025-03-01 10:15:37
5.0,1.5,1.0,0.5,0.05,28.507208603665855,0.0066666666666666706,0.5833333333333334,71.41666666666667,227.0,high_roller_evening,2025-03-01 10:15:37
5.0,1.5,1.0,0.9,0.05,8.449550384387177,0.0,0.75,92.875,285.0,high_roller_evening,2025-03-01 10:15:38
5.0,1.5,3.0,0.5,0.05,40.69360977716319,0.34,0.75,60.14722222222222,270.0,high_roller_evening,2025-03-01 10:15:38
5.0,1.5,3.0,0.1,0.05,31.691019851073477,0.0,0.5833333333333334,64.5,225.0,high_roller_evening,2025-03-01 10:15:38
5.0,1.5,3.0,0.3,0.05,51.68857956144717,0.0,0.75,46.5,225.0,high_roller_evening,2025-03-01 10:15:38
5.0,1.5,3.0,0.9,0.05,7.668846056917676,0.0066666666666666706,0.75,92.8611111111111,285.0,high_roller_evening,2025-03-01 10:15:39
5.0,1.5,3.0,0.7,0.05,18.441068030550632,0.0,0.5833333333333334,82.125,270.0,high_roller_evening,2025-03-01 10:15:39
5.0,1.5,5.0,0.1,0.05,75.0754839780043,0.0,0.75,4.0,21.0,newbie_evening,2025-03-01 10:15:39
5.0,1.5,5.0,0.3,0.05,66.42046276896541,0.0,0.75,31.833333333333332,104.0,sports_enthusiast_afternoon,2025-03-01 10:15:39
5.0,1.5,5.0,0.7,0.05,17.89653295217343,0.0,0.5833333333333334,82.125,270.0,high_roller_evening,2025-03-01 10:15:39
5.0,1.5,5.0,0.5,0.05,22.306458277390703,0.0,0.75,75.16666666666667,255.0,high_roller_evening,2025-03-01 10:15:39
5.0,1.5,5.0,0.9,0.05,17.130820081688043,0.0,0.75,84.55972222222222,255.0,high_roller_evening,2025-03-01 10:15:39
5.0,1.5,8.0,0.1,0.05,53.63536732976687,0.0,0.75,42.5,225.0,high_roller_evening,2025-03-01 10:15:39
5.0,1.5,8.0,0.7,0.05,17.344385217656477,0.0,0.5833333333333334,82.125,270.0,high_roller_evening,2025-03-01 10:15:40
5.0,1.5,8.0,0.5,0.05,22.523390496207963,0.0,0.75,76.31666666666668,270.0,high_roller_evening,2025-03-01 10:15:40
5.0,1.5,8.0,0.9,0.05,7.104143640786514,0.0,0.75,92.34583333333335,285.0,high_roller_evening,2025-03-01 10:15:40
5.0,1.5,8.0,0.3,0.05,71.49085807764662,0.3333333333333333,0.75,28.230555555555554,117.0,sports_enthusiast_afternoon,2025-03-01 10:15:40
5.0,2.0,0.5,0.3,0.05,47.71559166540424,0.3333333333333333,0.75,46.980555555555554,225.0,high_roller_evening,2025-03-01 10:15:41
5.0,2.0,0.5,0.1,0.05,73.2533022600449,0.3333333333333333,0.75,25.916666666666668,117.0,sports_enthusiast_afternoon,2025-03-01 10:15:41
5.0,2.0,0.5,0.7,0.05,24.36927789805256,0.6699999999999999,0.5833333333333334,76.075,270.0,high_roller_evening,2025-03-01 10:15:41
5.0,2.0,0.5,0.5,0.05,21.02993476374234,0.0,0.75,75.16666666666667,255.0,high_roller_evening,2025-03-01 10:15:41
5.0,2.0,0.5,0.9,0.05,7.306813931738233,0.0,0.75,92.85000000000001,285.0,high_roller_evening,2025-03-01 10:15:41
5.0,2.0,1.0,0.1,0.05,24.70052904949899,0.0,0.5833333333333334,69.25,225.0,high_roller_evening,2025-03-01 10:15:41
5.0,2.0,1.0,0.3,0.05,50.59719330408344,0.3133333333333333,0.75,48.05555555555555,225.0,high_roller_evening,2025-03-01 10:15:41
5.0,2.0,1.0,0.5,0.05,23.149518039328566,0.013333333333333341,0.75,73.95,255.0,high_roller_evening,2025-03-01 10:15:41
5.0,2.0,1.0,0.7,0.05,41.19325195160494,0.32666666666666666,0.75,56.833333333333336,270.0,high_roller_evening,2025-03-01 10:15:42
5.0,2.0,3.0,0.1,0.05,67.65327548935129,0.3333333333333333,0.75,29.5,104.0,sports_enthusiast_afternoon,2025-03-01 10:15:42
5.0,2.0,3.0,0.3,0.05,19.5494158819837,0.33,0.75,79.25,255.0,high_roller_evening,2025-03-01 10:15:43
5.0,2.0,1.0,0.9,0.05,11.814109963066596,0.0066666666666666706,0.75,89.61666666666667,270.0,high_roller_evening,2025-03-01 10:15:43
5.0,2.0,3.0,0.5,0.05,21.61787021817782,0.36000000000000004,0.75,76.41666666666667,270.0,high_roller_evening,2025-03-01 10:15:43
5.0,2.0,3.0,0.7,0.05,48.68942785173179,0.3333333333333333,0.6666666666666666,64.58333333333333,270.0,high_roller_evening,2025-03-01 10:15:43
5.0,2.0,5.0,0.1,0.05,94.92413577657959,0.0,0.75,4.0,21.0,newbie_evening,2025-03-01 10:15:43
5.0,2.0,3.0,0.9,0.05,16.191467812709572,0.0,0.5833333333333334,82.18055555555556,270.0,high_roller_evening,2025-03-01 10:15:43
5.0,2.0,5.0,0.3,0.05,30.395665410503472,0.0,0.5833333333333334,68.91666666666667,225.0,high_roller_evening,2025-03-01 10:15:44
5.0,2.0,5.0,0.5,0.05,39.78836340314987,0.3333333333333333,0.75,46.25,225.0,high_roller_evening,2025-03-01 10:15:44
5.0,2.0,5.0,0.7,0.05,28.460897624057385,0.0,0.5833333333333334,71.25,225.0,high_roller_evening,2025-03-01 10:15:44
5.0,2.0,5.0,0.9,0.05,12.930015510430266,0.0066666666666666706,0.75,88.75,285.0,high_roller_evening,2025-03-01 10:15:44
5.0,2.0,8.0,0.5,0.05,31.628136119128456,0.0,0.5833333333333334,64.54861111111111,225.0,high_roller_evening,2025-03-01 10:15:45
5.0,2.0,8.0,0.7,0.05,28.47711982209438,0.0,0.5833333333333334,71.25,225.0,high_roller_evening,2025-03-01 10:15:45
5.0,2.0,8.0,0.3,0.05,27.638448281506456,0.3333333333333333,0.5833333333333334,68.91666666666667,225.0,high_roller_evening,2025-03-01 10:15:45
5.0,2.0,8.0,0.1,0.05,45.03241000174412,0.32666666666666666,0.75,46.888888888888886,225.0,high_roller_evening,2025-03-01 10:15:45
15.0,0.1,0.5,0.1,0.05,28.73501848670893,0.3333333333333333,0.5833333333333334,69.83333333333333,225.0,high_roller_evening,2025-03-01 10:15:45
5.0,2.0,8.0,0.9,0.05,17.638588035624743,0.0066666666666666706,0.6666666666666666,82.07083333333334,270.0,high_roller_evening,2025-03-01 10:15:45
15.0,0.1,0.5,0.3,0.05,24.253248555643065,0.32666666666666666,0.75,75.16666666666667,255.0,high_roller_evening,2025-03-01 10:15:45
15.0,0.1,0.5,0.5,0.05,17.830834238145947,0.0066666666666666706,0.5833333333333334,82.09583333333333,270.0,high_roller_evening,2025-03-01 10:15:45
15.0,0.1,0.5,0.7,0.05,18.443198604639118,0.02333333333333334,0.5833333333333334,82.15277777777779,270.0,high_roller_evening,2025-03-01 10:15:46
15.0,0.1,1.0,0.1,0.05,19.19874564194464,0.0,0.75,80.5,255.0,high_roller_evening,2025-03-01 10:15:46
15.0,0.1,0.5,0.9,0.05,12.03193606669227,0.049999999999999996,0.75,90.88611111111112,282.5,high_roller_evening,2025-03-01 10:15:46
15.0,0.1,1.0,0.3,0.05,17.569660877260148,0.0,0.5833333333333334,82.1138888888889,270.0,high_roller_evening,2025-03-01 10:15:46
15.0,0.1,1.0,0.5,0.05,17.694326341264734,0.0066666666666666706,0.5833333333333334,82.05,270.0,high_roller_evening,2025-03-01 10:15:47
15.0,0.1,3.0,0.1,0.05,76.547665105155,0.5,0.6666666666666666,8.583333333333334,28.0,newbie_evening,2025-03-01 10:15:47
15.0,0.1,1.0,0.7,0.05,18.023446421213368,0.020000000000000014,0.5833333333333334,82.04166666666667,270.0,high_roller_evening,2025-03-01 10:15:47
15.0,0.1,1.0,0.9,0.05,19.60546539324816,0.08000000000000002,0.6666666666666666,81.79861111111111,268.5,high_roller_evening,2025-03-01 10:15:47
15.0,0.1,3.0,0.3,0.05,17.294893256334326,0.0066666666666666706,0.5833333333333334,82.09583333333333,270.0,high_roller_evening,2025-03-01 10:15:47
15.0,0.1,3.0,0.5,0.05,17.441428481868062,0.0066666666666666706,0.5833333333333334,82.125,270.0,high_roller_evening,2025-03-01 10:15:47
15.0,0.1,3.0,0.7,0.05,17.990512672337246,0.016666666666666677,0.5833333333333334,82.12777777777778,269.5,high_roller_evening,2025-03-01 10:15:48
15.0,0.1,3.0,0.9,0.05,16.621177304816083,0.05000000000000001,0.75,84.6125,257.5,high_roller_evening,2025-03-01 10:15:48
15.0,0.1,5.0,0.1,0.05,22.793425127324138,0.0,0.75,75.24444444444444,255.0,high_roller_evening,2025-03-01 10:15:48
15.0,0.1,5.0,0.3,0.05,68.71487800571718,0.0,0.75,31.083333333333332,104.0,sports_enthusiast_afternoon,2025-03-01 10:15:48
15.0,0.1,5.0,0.5,0.05,17.61922248760108,0.0,0.5833333333333334,82.125,270.0,high_roller_evening,2025-03-01 10:15:48
15.0,0.1,5.0,0.7,0.05,17.788681219641376,0.01666666666666667,0.5833333333333334,81.58888888888889,270.0,high_roller_evening,2025-03-01 10:15:48
15.0,0.1,8.0,0.5,0.05,18.0309313206858,0.0,0.6666666666666666,81.83749999999999,270.0,high_roller_evening,2025-03-01 10:15:49
15.0,0.1,5.0,0.9,0.05,11.842820258491388,0.30666666666666664,0.75,90.02499999999999,281.0,high_roller_evening,2025-03-01 10:15:49
15.0,0.1,8.0,0.1,0.05,68.61257490783329,0.0,0.75,27.686111111111114,117.0,sports_enthusiast_afternoon,2025-03-01 10:15:49
15.0,0.1,8.0,0.3,0.05,70.97518027597715,0.0,0.75,31.083333333333332,104.0,sports_enthusiast_afternoon,2025-03-01 10:15:49
15.0,0.1,8.0,0.7,0.05,17.960699869807833,0.016666666666666677,0.5833333333333334,81.38472222222222,261.0,high_roller_evening,2025-03-01 10:15:50
15.0,0.5,0.5,0.3,0.05,21.561767157865972,0.32666666666666666,0.75,76.35000000000001,270.0,high_roller_evening,2025-03-01 10:15:50
15.0,0.1,8.0,0.9,0.05,18.571394271263614,0.05333333333333332,0.5833333333333334,82.04861111111111,267.5,high_roller_evening,2025-03-01 10:15:50
15.0,0.5,0.5,0.1,0.05,86.81579622083267,0.32,0.5,9.833333333333334,28.0,newbie_evening,2025-03-01 10:15:50
15.0,0.5,0.5,0.5,0.05,21.12104047342298,0.6666666666666666,0.75,76.33333333333333,269.0,high_roller_evening,2025-03-01 10:15:50
15.0,0.5,1.0,0.1,0.05,51.8069561308417,0.0,0.75,46.5,225.0,high_roller_evening,2025-03-01 10:15:50
15.0,0.5,0.5,0.7,0.05,15.367225703987224,0.013333333333333341,0.5833333333333334,82.125,270.0,high_roller_evening,2025-03-01 10:15:50
15.0,0.5,0.5,0.9,0.05,9.86828247803486,0.010000000000000004,0.75,90.57499999999999,269.5,high_roller_evening,2025-03-01 10:15:50
15.0,0.5,1.0,0.7,0.05,19.560675607576822,0.0,0.6666666666666666,82.05972222222222,270.0,high_roller_evening,2025-03-01 10:15:51
15.0,0.5,1.0,0.3,0.05,45.99857008235825,0.0,0.75,47.333333333333336,225.0,high_roller_evening,2025-03-01 10:15:51
15.0,0.5,1.0,0.5,0.05,68.01536747351318,0.0,0.75,31.083333333333332,104.0,sports_enthusiast_afternoon,2025-03-01 10:15:51
15.0,0.5,1.0,0.9,0.05,9.324291865961065,0.33666666666666667,0.75,90.88333333333333,270.0,high_roller_evening,2025-03-01 10:15:51
15.0,0.5,3.0,0.1,0.05,73.74951315803295,0.0,0.75,27.666666666666668,117.0,sports_enthusiast_afternoon,2025-03-01 10:15:52
15.0,0.5,3.0,0.3,0.05,46.2693028890371,0.0,0.75,28.083333333333332,104.0,sports_enthusiast_afternoon,2025-03-01 10:15:52
15.0,0.5,3.0,0.7,0.05,17.79845885646197,0.0066666666666666706,0.5833333333333334,82.08055555555556,270.0,high_roller_evening,2025-03-01 10:15:52
15.0,0.5,3.0,0.5,0.05,17.359542820220156,0.0066666666666666706,0.5833333333333334,82.125,270.0,high_roller_evening,2025-03-01 10:15:52
15.0,0.5,5.0,0.1,0.05,84.2804173295566,0.3333333333333333,0.75,4.5,20.0,casual_player_morning,2025-03-01 10:15:53
15.0,0.5,3.0,0.9,0.05,17.8277026947636,0.020000000000000014,0.5833333333333334,82.14444444444445,270.0,high_roller_evening,2025-03-01 10:15:53
15.0,0.5,5.0,0.5,0.05,67.12377074068402,0.3333333333333333,0.75,27.572222222222223,104.0,sports_enthusiast_afternoon,2025-03-01 10:15:53
15.0,0.5,5.0,0.3,0.05,53.457991038183785,0.0,0.75,28.083333333333332,104.0,sports_enthusiast_afternoon,2025-03-01 10:15:53
15.0,0.5,5.0,0.9,0.05,8.656951007786743,0.0,0.75,91.88333333333333,283.0,high_roller_evening,2025-03-01 10:15:54
15.0,0.5,8.0,0.3,0.05,21.01044056472938,0.0,0.75,75.16666666666667,255.0,high_roller_evening,2025-03-01 10:15:54
15.0,0.5,5.0,0.7,0.05,17.56846861378788,0.0066666666666666706,0.5833333333333334,82.125,270.0,high_roller_evening,2025-03-01 10:15:54
15.0,0.5,8.0,0.1,0.05,19.313319179807948,0.0,0.75,80.5,255.0,high_roller_evening,2025-03-01 10:15:54
15.0,0.5,8.0,0.5,0.05,32.82870065111981,0.04,0.75,65.85833333333333,275.5,high_roller_evening,2025-03-01 10:15:54
15.0,0.5,8.0,0.9,0.05,8.456005129062351,0.010000000000000004,0.75,92.81388888888888,284.5,high_roller_evening,2025-03-01 10:15:54
15.0,0.5,8.0,0.7,0.05,17.572479771455274,0.0,0.5833333333333334,82.20277777777777,270.0,high_roller_evening,2025-03-01 10:15:54
15.0,1.0,0.5,0.1,0.05,51.86107100108986,0.0,0.75,46.5,225.0,high_roller_evening,2025-03-01 10:15:54
15.0,1.0,0.5,0.5,0.05,28.625933393122704,0.0,0.5833333333333334,71.25,225.0,high_roller_evening,2025-03-01 10:15:55
15.0,1.0,0.5,0.3,0.05,24.900294709746575,0.0,0.75,73.93333333333334,255.0,high_roller_evening,2025-03-01 10:15:55
15.0,1.0,0.5,0.9,0.05,9.26603511374948,0.0066666666666666706,0.75,92.77222222222223,285.0,high_roller_evening,2025-03-01 10:15:55
15.0,1.0,0.5,0.7,0.05,17.71815515908732,0.0066666666666666706,0.5833333333333334,81.94027777777778,270.0,high_roller_evening,2025-03-01 10:15:55
15.0,1.0,1.0,0.3,0.05,50.303274755927546,0.0,0.75,44.375,225.0,high_roller_evening,2025-03-01 10:15:56
15.0,1.0,1.0,0.5,0.05,29.412883739205228,0.6133333333333333,0.75,60.26111111111111,270.0,high_roller_evening,2025-03-01 10:15:56
15.0,1.0,1.0,0.1,0.05,66.23093058935575,0.0,0.75,31.833333333333332,104.0,sports_enthusiast_afternoon,2025-03-01 10:15:56
15.0,1.0,1.0,0.7,0.05,27.890477015387056,0.3466666666666667,0.5833333333333334,73.425,225.0,high_roller_evening,2025-03-01 10:15:56
15.0,1.0,3.0,0.3,0.05,19.49618295994221,0.0,0.75,80.5,255.0,high_roller_evening,2025-03-01 10:15:56
15.0,1.0,3.0,0.5,0.05,28.51628840359698,0.0,0.5833333333333334,71.25,225.0,high_roller_evening,2025-03-01 10:15:56
15.0,1.0,1.0,0.9,0.05,15.45536645090071,0.013333333333333341,0.75,92.51388888888887,285.0,high_roller_evening,2025-03-01 10:15:56
15.0,1.0,3.0,0.1,0.05,19.49618295994221,0.0,0.75,80.5,255.0,high_roller_evening,2025-03-01 10:15:56
15.0,1.0,3.0,0.7,0.05,19.20902273415324,0.0,0.75,80.5,255.0,high_roller_evening,2025-03-01 10:15:57
15.0,1.0,5.0,0.3,0.05,73.8449707777232,0.3333333333333333,0.75,26.5,104.0,sports_enthusiast_afternoon,2025-03-01 10:15:57
15.0,1.0,3.0,0.9,0.05,17.869952560338604,0.0066666666666666706,0.5833333333333334,81.69166666666668,270.0,high_roller_evening,2025-03-01 10:15:57
15.0,1.0,5.0,0.1,0.05,88.90529288060668,0.0,0.75,4.5,20.0,casual_player_morning,2025-03-01 10:15:57
15.0,1.0,5.0,0.5,0.05,21.91334338278157,0.0,0.5833333333333334,67.25,225.0,high_roller_evening,2025-03-01 10:15:58
15.0,1.0,8.0,0.1,0.05,94.0788449262772,0.0,0.75,5.0,24.0,casual_player_evening,2025-03-01 10:15:58
15.0,1.0,5.0,0.9,0.05,14.54912934403634,0.0,0.75,86.1125,270.5,high_roller_evening,2025-03-01 10:15:58
15.0,1.0,5.0,0.7,0.05,19.004333920163212,0.6133333333333333,0.75,81.2361111111111,255.0,high_roller_evening,2025-03-01 10:15:58
15.0,1.0,8.0,0.5,0.05,33.366498089870824,0.0,0.75,66.75,285.0,high_roller_evening,2025-03-01 10:15:59
15.0,1.0,8.0,0.3,0.05,47.824796653224574,0.0,0.75,46.611111111111114,225.0,high_roller_evening,2025-03-01 10:15:59
15.0,1.0,8.0,0.7,0.05,28.21273458981593,0.0,0.5833333333333334,71.25,225.0,high_roller_evening,2025-03-01 10:15:59
15.0,1.0,8.0,0.9,0.05,17.450191299200835,0.0066666666666666706,0.5833333333333334,82.04444444444445,270.0,high_roller_evening,2025-03-01 10:15:59
15.0,1.5,0.5,0.1,0.05,50.64447670776657,0.34,0.75,26.583333333333332,104.0,sports_enthusiast_afternoon,2025-03-01 10:15:59
15.0,1.5,0.5,0.5,0.05,27.443675669623893,0.3333333333333333,0.75,28.75,104.0,sports_enthusiast_afternoon,2025-03-01 10:15:59
15.0,1.5,0.5,0.3,0.05,71.3350205803861,0.6466666666666666,0.75,28.677777777777777,104.0,sports_enthusiast_afternoon,2025-03-01 10:15:59
15.0,1.5,0.5,0.7,0.05,14.131403801014505,0.0066666666666666706,0.75,83.1125,285.0,high_roller_evening,2025-03-01 10:15:59
15.0,1.5,0.5,0.9,0.05,7.697567875560079,0.0,0.75,92.83333333333333,284.5,high_roller_evening,2025-03-01 10:16:00
15.0,1.5,1.0,0.1,0.05,43.945883900772195,0.0,0.75,42.55555555555555,225.0,high_roller_evening,2025-03-01 10:16:00
15.0,1.5,1.0,0.5,0.05,21.76166751813247,0.020000000000000007,0.5833333333333334,67.375,225.0,high_roller_evening,2025-03-01 10:16:00
15.0,1.5,1.0,0.3,0.05,29.121583999880002,0.33666666666666667,0.5833333333333334,68.91666666666667,225.0,high_roller_evening,2025-03-01 10:16:00
15.0,1.5,1.0,0.7,0.05,20.02752863566887,0.0066666666666666706,0.75,75.35555555555555,255.0,high_roller_evening,2025-03-01 10:16:01
15.0,1.5,3.0,0.1,0.05,87.92347756264643,0.3333333333333333,0.5833333333333334,11.083333333333334,28.0,newbie_evening,2025-03-01 10:16:01
15.0,1.5,1.0,0.9,0.05,9.269579409112689,0.0066666666666666706,0.75,90.83333333333333,270.0,high_roller_evening,2025-03-01 10:16:01
15.0,1.5,3.0,0.3,0.05,69.98614444270042,0.3333333333333333,0.75,29.650000000000002,117.0,sports_enthusiast_afternoon,2025-03-01 10:16:01
15.0,1.5,3.0,0.5,0.05,70.82660934172719,0.3333333333333333,0.75,28.75,104.0,sports_enthusiast_afternoon,2025-03-01 10:16:01
15.0,1.5,3.0,0.7,0.05,20.781576777529782,0.016666666666666673,0.75,78.0,270.0,high_roller_evening,2025-03-01 10:16:01
15.0,1.5,3.0,0.9,0.05,17.48752189601733,0.0,0.5833333333333334,82.125,270.0,high_roller_evening,2025-03-01 10:16:01
15.0,1.5,5.0,0.1,0.05,96.2519435855278,0.0,0.9166666666666666,1.0,12.0,newbie_morning,2025-03-01 10:16:01
15.0,1.5,5.0,0.3,0.05,48.72361607639013,0.0,0.75,46.5,225.0,high_roller_evening,2025-03-01 10:16:03
15.0,1.5,5.0,0.5,0.05,20.132768199898383,0.0,0.75,76.41666666666667,270.0,high_roller_evening,2025-03-01 10:16:03
15.0,1.5,5.0,0.9,0.05,17.688602786760857,0.0,0.5833333333333334,82.16666666666667,270.0,high_roller_evening,2025-03-01 10:16:03
15.0,1.5,5.0,0.7,0.05,23.3937131865517,0.6666666666666666,0.6666666666666666,78.8861111111111,270.0,high_roller_evening,2025-03-01 10:16:03
15.0,1.5,8.0,0.1,0.05,52.918932628555396,0.0,0.75,42.5,225.0,high_roller_evening,2025-03-01 10:16:03
15.0,1.5,8.0,0.5,0.05,69.2793768746298,0.0,0.75,31.083333333333332,104.0,sports_enthusiast_afternoon,2025-03-01 10:16:03
15.0,1.5,8.0,0.3,0.05,83.30168975399921,0.34,0.5,11.419444444444444,28.233333333333334,newbie_evening,2025-03-01 10:16:03
15.0,1.5,8.0,0.7,0.05,69.06849476168956,0.0,0.75,31.083333333333332,104.0,sports_enthusiast_afternoon,2025-03-01 10:16:03
15.0,2.0,0.5,0.3,0.05,28.774543523695314,0.0066666666666666706,0.5833333333333334,71.2611111111111,225.0,high_roller_evening,2025-03-01 10:16:04
15.0,2.0,0.5,0.1,0.05,90.77258899151794,0.3333333333333333,0.5,9.833333333333334,28.0,newbie_evening,2025-03-01 10:16:04
15.0,2.0,0.5,0.5,0.05,28.77536680705995,0.0066666666666666706,0.5833333333333334,71.2611111111111,225.0,high_roller_evening,2025-03-01 10:16:04
15.0,1.5,8.0,0.9,0.05,17.125791381682674,0.66,0.75,82.76666666666667,270.0,high_roller_evening,2025-03-01 10:16:04
15.0,2.0,0.5,0.7,0.05,22.28476816189505,0.0,0.75,76.71666666666667,270.0,high_roller_evening,2025-03-01 10:16:05
15.0,2.0,1.0,0.3,0.05,71.65080235770343,0.0,0.75,29.0,123.5,sports_enthusiast_afternoon,2025-03-01 10:16:05
15.0,2.0,0.5,0.9,0.05,15.24252255943944,0.32,0.75,86.23611111111113,285.0,high_roller_evening,2025-03-01 10:16:05
15.0,2.0,1.0,0.1,0.05,86.4563392707064,0.3333333333333333,0.5,10.527777777777777,28.0,newbie_evening,2025-03-01 10:16:05
15.0,2.0,1.0,0.7,0.05,17.58821447131114,0.0,0.5833333333333334,82.125,270.0,high_roller_evening,2025-03-01 10:16:05
15.0,2.0,1.0,0.5,0.05,24.815204490932743,0.0,0.75,74.18611111111112,255.0,high_roller_evening,2025-03-01 10:16:05
15.0,2.0,3.0,0.1,0.05,72.62903790896553,0.3333333333333333,0.75,24.666666666666668,117.0,sports_enthusiast_afternoon,2025-03-01 10:16:05
15.0,2.0,1.0,0.9,0.05,7.802400907982097,0.013333333333333341,0.75,92.85000000000001,285.0,high_roller_evening,2025-03-01 10:16:05
15.0,2.0,3.0,0.3,0.05,63.813308168856814,0.3333333333333333,0.75,29.054166666666664,123.5,sports_enthusiast_afternoon,2025-03-01 10:16:06
15.0,2.0,3.0,0.5,0.05,69.14224764860205,0.0,0.75,31.083333333333332,104.0,sports_enthusiast_afternoon,2025-03-01 10:16:06
15.0,2.0,3.0,0.9,0.05,19.098360327798336,0.0,0.6666666666666666,82.125,255.0,high_roller_evening,2025-03-01 10:16:06
15.0,2.0,3.0,0.7,0.05,28.388161561916647,0.0,0.5833333333333334,71.3,225.0,high_roller_evening,2025-03-01 10:16:06
15.0,2.0,5.0,0.3,0.05,87.86033367358898,0.3333333333333333,0.75,4.516666666666667,20.0,casual_player_morning,2025-03-01 10:16:07
15.0,2.0,5.0,0.7,0.05,17.774513297868243,0.0,0.6666666666666666,82.1125,270.5,high_roller_evening,2025-03-01 10:16:07
15.0,2.0,5.0,0.1,0.05,97.76067045086143,0.0,0.75,4.05,21.0,newbie_evening,2025-03-01 10:16:07
15.0,2.0,5.0,0.5,0.05,72.43751364569998,0.3333333333333333,0.75,29.833333333333332,104.0,sports_enthusiast_afternoon,2025-03-01 10:16:07
15.0,2.0,5.0,0.9,0.05,13.966856768658904,0.3433333333333333,0.75,86.125,270.0,high_roller_evening,2025-03-01 10:16:08
15.0,2.0,8.0,0.3,0.05,40.51692493893527,0.0,0.75,58.480555555555554,255.0,high_roller_evening,2025-03-01 10:16:08
15.0,2.0,8.0,0.1,0.05,33.24505259273057,0.0,0.5833333333333334,64.5,225.0,high_roller_evening,2025-03-01 10:16:08
15.0,2.0,8.0,0.5,0.05,44.56529982446132,0.3333333333333333,0.75,28.82777777777778,104.0,sports_enthusiast_afternoon,2025-03-01 10:16:08
15.0,2.0,8.0,0.7,0.05,22.10862100605006,0.3333333333333333,0.75,75.16666666666667,255.0,high_roller_evening,2025-03-01 10:16:08
15.0,2.0,8.0,0.9,0.05,17.587553763400532,0.010000000000000004,0.75,92.81944444444446,285.0,high_roller_evening,2025-03-01 10:16:08
30.0,0.1,0.5,0.1,0.05,50.980634304998624,0.0,0.75,25.75,104.0,sports_enthusiast_afternoon,2025-03-01 10:16:08
30.0,0.1,0.5,0.3,0.05,28.53305395913801,0.0,0.5833333333333334,71.25,225.0,high_roller_evening,2025-03-01 10:16:08
30.0,0.1,0.5,0.5,0.05,17.890576488313684,0.0,0.5833333333333334,81.94027777777778,270.0,high_roller_evening,2025-03-01 10:16:09
30.0,0.1,0.5,0.7,0.05,17.990434298811177,0.0066666666666666706,0.5833333333333334,82.08333333333333,269.5,high_roller_evening,2025-03-01 10:16:09
30.0,0.1,0.5,0.9,0.05,13.980529686421322,0.32333333333333336,0.75,87.4236111111111,261.0,high_roller_evening,2025-03-01 10:16:09
30.0,0.1,1.0,0.1,0.05,39.94948997693202,0.3333333333333333,0.75,63.916666666666664,285.0,high_roller_evening,2025-03-01 10:16:09
30.0,0.1,1.0,0.3,0.05,17.79646447362843,0.0,0.5833333333333334,82.125,270.0,high_roller_evening,2025-03-01 10:16:10
30.0,0.1,1.0,0.5,0.05,18.32127321094779,0.0,0.5833333333333334,82.125,270.0,high_roller_evening,2025-03-01 10:16:10
30.0,0.1,1.0,0.7,0.05,19.134912783182674,0.026666666666666672,0.75,82.1361111111111,256.0,high_roller_evening,2025-03-01 10:16:10
30.0,0.1,1.0,0.9,0.05,13.436400757589727,0.29000000000000004,0.75,89.25833333333334,269.5,high_roller_evening,2025-03-01 10:16:10
30.0,0.1,3.0,0.1,0.05,72.4759812564075,0.3333333333333333,0.75,29.0,123.5,sports_enthusiast_afternoon,2025-03-01 10:16:10
30.0,0.1,3.0,0.3,0.05,72.41263837800116,0.0,0.75,31.083333333333332,104.0,sports_enthusiast_afternoon,2025-03-01 10:16:10
30.0,0.1,3.0,0.7,0.05,17.990302014932258,0.0066666666666666706,0.5833333333333334,82.30833333333334,270.0,high_roller_evening,2025-03-01 10:16:10
30.0,0.1,3.0,0.5,0.05,17.40614735036627,0.0,0.5833333333333334,82.125,270.0,high_roller_evening,2025-03-01 10:16:10
30.0,0.1,3.0,0.9,0.05,16.98149123127219,0.04666666666666664,0.75,85.125,250.5,high_roller_evening,2025-03-01 10:16:11
30.0,0.1,5.0,0.1,0.05,70.21850012803196,0.3333333333333333,0.75,29.0,123.5,sports_enthusiast_afternoon,2025-03-01 10:16:11
30.0,0.1,5.0,0.3,0.05,17.72322169048267,0.0066666666666666706,0.5833333333333334,82.13888888888889,270.0,high_roller_evening,2025-03-01 10:16:11
30.0,0.1,5.0,0.5,0.05,17.715422242562756,0.0,0.5833333333333334,82.22222222222221,270.0,high_roller_evening,2025-03-01 10:16:11
30.0,0.1,5.0,0.9,0.05,12.250256371147001,0.3333333333333333,0.75,89.51111111111112,269.5,high_roller_evening,2025-03-01 10:16:12
30.0,0.1,8.0,0.3,0.05,17.540458979879634,0.0,0.5833333333333334,82.125,270.0,high_roller_evening,2025-03-01 10:16:12
30.0,0.1,5.0,0.7,0.05,18.23320979655002,0.013333333333333341,0.6666666666666666,82.04027777777777,269.5,high_roller_evening,2025-03-01 10:16:12
30.0,0.1,8.0,0.1,0.05,40.968261382172706,0.0066666666666666706,0.75,43.5,225.0,high_roller_evening,2025-03-01 10:16:12
30.0,0.1,8.0,0.5,0.05,17.58937526076925,0.0,0.5833333333333334,82.18333333333334,270.0,high_roller_evening,2025-03-01 10:16:12
30.0,0.1,8.0,0.7,0.05,18.41471644138198,0.02000000000000001,0.5833333333333334,82.08333333333333,270.0,high_roller_evening,2025-03-01 10:16:13
30.0,0.1,8.0,0.9,0.05,13.662364544034778,0.31666666666666665,0.75,88.2,260.5,high_roller_evening,2025-03-01 10:16:13
30.0,0.5,0.5,0.1,0.05,71.20759372534141,0.6699999999999999,0.75,29.016666666666666,123.5,sports_enthusiast_afternoon,2025-03-01 10:16:13
30.0,0.5,0.5,0.3,0.05,43.886600459211465,0.32,0.75,44.583333333333336,225.0,high_roller_evening,2025-03-01 10:16:14
30.0,0.5,0.5,0.5,0.05,17.606622941423776,0.0,0.5833333333333334,82.125,270.0,high_roller_evening,2025-03-01 10:16:14
30.0,0.5,0.5,0.7,0.05,17.793420002297136,0.0,0.5833333333333334,82.13888888888889,270.0,high_roller_evening,2025-03-01 10:16:14
30.0,0.5,0.5,0.9,0.05,8.717150345291245,0.016666666666666677,0.75,91.94722222222221,284.0,high_roller_evening,2025-03-01 10:16:14
30.0,0.5,1.0,0.3,0.05,35.55247303405828,0.3333333333333333,0.75,49.03888888888889,225.0,high_roller_evening,2025-03-01 10:16:14
30.0,0.5,1.0,0.1,0.05,70.88024606084505,0.3333333333333333,0.75,27.666666666666668,117.0,sports_enthusiast_afternoon,2025-03-01 10:16:14
30.0,0.5,1.0,0.7,0.05,17.700948999949404,0.0,0.5833333333333334,82.22222222222221,270.0,high_roller_evening,2025-03-01 10:16:14
30.0,0.5,1.0,0.5,0.05,17.825461943926452,0.0,0.6666666666666666,81.29166666666667,270.0,high_roller_evening,2025-03-01 10:16:14
30.0,0.5,3.0,0.1,0.05,29.202308245827894,0.33666666666666667,0.5833333333333334,68.91666666666667,225.0,high_roller_evening,2025-03-01 10:16:15
30.0,0.5,1.0,0.9,0.05,7.933437078072165,0.020000000000000014,0.75,92.14722222222223,284.5,high_roller_evening,2025-03-01 10:16:15
30.0,0.5,3.0,0.3,0.05,33.75441785640761,0.3333333333333333,0.75,59.4,270.0,high_roller_evening,2025-03-01 10:16:15
30.0,0.5,3.0,0.5,0.05,22.253841058250668,0.0,0.75,77.25,270.0,high_roller_evening,2025-03-01 10:16:15
30.0,0.5,3.0,0.7,0.05,17.45564882860811,0.0066666666666666706,0.5833333333333334,82.125,270.0,high_roller_evening,2025-03-01 10:16:16
30.0,0.5,5.0,0.3,0.05,68.06965135793996,0.0,0.75,31.083333333333332,104.0,sports_enthusiast_afternoon,2025-03-01 10:16:16
30.0,0.5,5.0,0.1,0.05,23.791022923026947,0.0,0.75,75.16666666666667,255.0,high_roller_evening,2025-03-01 10:16:16
30.0,0.5,3.0,0.9,0.05,8.23049797297983,0.016666666666666677,0.75,92.69999999999999,284.5,high_roller_evening,2025-03-01 10:16:16
30.0,0.5,5.0,0.5,0.05,28.655413594981194,0.0,0.5833333333333334,71.375,226.5,high_roller_evening,2025-03-01 10:16:16
30.0,0.5,5.0,0.9,0.05,17.99102910377546,0.02000000000000001,0.5833333333333334,81.55972222222222,261.0,high_roller_evening,2025-03-01 10:16:16
30.0,0.5,5.0,0.7,0.05,19.50165124855731,0.0066666666666666706,0.75,80.53611111111111,255.0,high_roller_evening,2025-03-01 10:16:16
30.0,0.5,8.0,0.1,0.05,91.87259651340612,0.3333333333333333,0.75,4.569444444444444,20.0,casual_player_morning,2025-03-01 10:16:16
30.0,0.5,8.0,0.3,0.05,24.165365532438052,0.33666666666666667,0.75,75.16666666666667,255.0,high_roller_evening,2025-03-01 10:16:17
30.0,0.5,8.0,0.5,0.05,71.65941294343308,0.0066666666666666706,0.75,27.099999999999998,104.0,sports_enthusiast_afternoon,2025-03-01 10:16:17
30.0,0.5,8.0,0.7,0.05,17.827604948496717,0.0,0.5833333333333334,82.08055555555556,270.0,high_roller_evening,2025-03-01 10:16:17
30.0,0.5,8.0,0.9,0.05,8.601344152083596,0.023333333333333345,0.75,92.55416666666667,284.5,high_roller_evening,2025-03-01 10:16:17
30.0,1.0,0.5,0.5,0.05,26.657137657803954,0.0,0.5833333333333334,67.25,225.0,high_roller_evening,2025-03-01 10:16:18
30.0,1.0,0.5,0.3,0.05,28.99548234413908,0.0,0.5833333333333334,67.25,225.0,high_roller_evening,2025-03-01 10:16:18
30.0,1.0,0.5,0.7,0.05,17.210061377613794,0.0066666666666666706,0.5833333333333334,82.125,270.0,high_roller_evening,2025-03-01 10:16:18
30.0,1.0,0.5,0.1,0.05,66.32212633418324,0.0,0.75,29.5,123.5,sports_enthusiast_afternoon,2025-03-01 10:16:18
30.0,1.0,0.5,0.9,0.05,17.52029683470539,0.0,0.5833333333333334,82.11944444444444,270.0,high_roller_evening,2025-03-01 10:16:19
30.0,1.0,1.0,0.3,0.05,69.61819087935343,0.3333333333333333,0.75,31.833333333333332,104.0,sports_enthusiast_afternoon,2025-03-01 10:16:19
30.0,1.0,1.0,0.1,0.05,51.680212044636676,0.0,0.75,46.5,225.0,high_roller_evening,2025-03-01 10:16:19
30.0,1.0,1.0,0.5,0.05,39.648064915798706,0.3333333333333333,0.75,60.916666666666664,270.0,high_roller_evening,2025-03-01 10:16:19
30.0,1.0,1.0,0.7,0.05,17.566302621775446,0.0066666666666666706,0.5833333333333334,82.15277777777779,270.0,high_roller_evening,2025-03-01 10:16:19
30.0,1.0,1.0,0.9,0.05,14.368195367208207,0.33,0.75,85.5513888888889,270.0,high_roller_evening,2025-03-01 10:16:19
30.0,1.0,3.0,0.3,0.05,70.83805535319301,0.3333333333333333,0.75,26.633333333333336,104.0,sports_enthusiast_afternoon,2025-03-01 10:16:19
30.0,1.0,3.0,0.1,0.05,72.71630640186169,0.3333333333333333,0.75,27.666666666666668,117.0,sports_enthusiast_afternoon,2025-03-01 10:16:19
30.0,1.0,3.0,0.5,0.05,21.659420916485058,0.0,0.75,78.0,270.0,high_roller_evening,2025-03-01 10:16:20
30.0,1.0,3.0,0.7,0.05,19.10024126698311,0.0,0.75,80.5111111111111,255.0,high_roller_evening,2025-03-01 10:16:20
30.0,1.0,5.0,0.1,0.05,25.463367500009863,0.3333333333333333,0.5833333333333334,68.95277777777778,225.0,high_roller_evening,2025-03-01 10:16:20
30.0,1.0,3.0,0.9,0.05,19.36144439086024,0.013333333333333341,0.75,80.58333333333333,255.0,high_roller_evening,2025-03-01 10:16:20
30.0,1.0,5.0,0.3,0.05,27.688136910289955,0.013333333333333341,0.5833333333333334,64.5,225.0,high_roller_evening,2025-03-01 10:16:21
30.0,1.0,5.0,0.7,0.05,17.895793508586966,0.0,0.5833333333333334,81.625,270.0,high_roller_evening,2025-03-01 10:16:21
30.0,1.0,5.0,0.5,0.05,39.817310978693186,0.38000000000000006,0.75,59.166666666666664,270.5,high_roller_evening,2025-03-01 10:16:21
30.0,1.0,5.0,0.9,0.05,7.251243818699522,0.0066666666666666706,0.75,92.70833333333333,283.0,high_roller_evening,2025-03-01 10:16:21
30.0,1.0,8.0,0.1,0.05,47.52736513050236,0.0,0.75,46.5,225.0,high_roller_evening,2025-03-01 10:16:21
30.0,1.0,8.0,0.5,0.05,39.53143854534861,0.0,0.75,58.48888888888889,270.0,high_roller_evening,2025-03-01 10:16:21
30.0,1.0,8.0,0.3,0.05,68.9732354410693,0.0,0.75,27.666666666666668,117.0,sports_enthusiast_afternoon,2025-03-01 10:16:21
30.0,1.0,8.0,0.7,0.05,19.240375276702856,0.0066666666666666706,0.75,80.5,255.0,high_roller_evening,2025-03-01 10:16:21
30.0,1.5,0.5,0.5,0.05,28.72024047148818,0.0,0.5833333333333334,71.21388888888889,225.0,high_roller_evening,2025-03-01 10:16:23
30.0,1.0,8.0,0.9,0.05,12.83762209263635,0.013333333333333341,0.75,87.40416666666665,270.0,high_roller_evening,2025-03-01 10:16:23
30.0,1.5,0.5,0.3,0.05,68.08861284449067,0.3333333333333333,0.75,29.0,123.5,sports_enthusiast_afternoon,2025-03-01 10:16:23
30.0,1.5,0.5,0.1,0.05,84.84257911857462,0.5,0.6666666666666666,6.166666666666667,20.0,casual_player_morning,2025-03-01 10:16:23
30.0,1.5,1.0,0.1,0.05,24.68841675530077,0.0,0.75,75.16666666666667,255.0,high_roller_evening,2025-03-01 10:16:23
30.0,1.5,1.0,0.3,0.05,85.06024887515106,0.3066666666666667,0.75,4.566666666666666,20.0,casual_player_morning,2025-03-01 10:16:23
30.0,1.5,0.5,0.9,0.05,7.279763160298424,0.0,0.75,92.51527777777778,285.0,high_roller_evening,2025-03-01 10:16:23
30.0,1.5,0.5,0.7,0.05,17.745091721388878,0.0,0.5833333333333334,82.125,270.0,high_roller_evening,2025-03-01 10:16:23
30.0,1.5,1.0,0.5,0.05,29.288058824991865,0.013333333333333341,0.5833333333333334,71.25,225.0,high_roller_evening,2025-03-01 10:16:24
30.0,1.5,1.0,0.9,0.05,17.52820944320845,0.010000000000000004,0.5833333333333334,82.20277777777777,270.0,high_roller_evening,2025-03-01 10:16:24
30.0,1.5,1.0,0.7,0.05,40.64694589367459,0.0,0.75,55.99722222222223,270.0,high_roller_evening,2025-03-01 10:16:24
30.0,1.5,3.0,0.1,0.05,24.445914613646927,0.0066666666666666706,0.75,75.16666666666667,255.0,high_roller_evening,2025-03-01 10:16:24
30.0,1.5,3.0,0.3,0.05,88.93857798422113,0.0066666666666666706,0.75,4.5,20.0,casual_player_morning,2025-03-01 10:16:25
30.0,1.5,3.0,0.5,0.05,24.048712979795393,0.32,0.75,75.15277777777779,255.0,high_roller_evening,2025-03-01 10:16:25
30.0,1.5,3.0,0.7,0.05,39.57360198122565,0.0066666666666666706,0.75,56.80833333333334,284.5,high_roller_evening,2025-03-01 10:16:25
30.0,1.5,3.0,0.9,0.05,12.039567151694452,0.6666666666666666,0.75,87.50694444444444,270.0,high_roller_evening,2025-03-01 10:16:25
30.0,1.5,5.0,0.3,0.05,72.15109854247287,0.0,0.75,29.58055555555556,123.5,sports_enthusiast_afternoon,2025-03-01 10:16:25
30.0,1.5,5.0,0.5,0.05,68.64869407342358,0.0,0.75,31.508333333333336,104.0,sports_enthusiast_afternoon,2025-03-01 10:16:25
30.0,1.5,5.0,0.1,0.05,30.72615535087455,0.0,0.5833333333333334,68.91666666666667,225.0,high_roller_evening,2025-03-01 10:16:25
30.0,1.5,5.0,0.7,0.05,19.287253208482326,0.0066666666666666706,0.75,80.51944444444445,255.0,high_roller_evening,2025-03-01 10:16:25
30.0,1.5,5.0,0.9,0.05,17.489347300744985,0.0,0.6666666666666666,81.83749999999999,270.0,high_roller_evening,2025-03-01 10:16:26
30.0,1.5,8.0,0.3,0.05,71.90645741054045,0.6666666666666666,0.75,28.280555555555555,117.0,sports_enthusiast_afternoon,2025-03-01 10:16:26
30.0,1.5,8.0,0.1,0.05,88.94115603030069,0.0,0.5,9.833333333333334,28.0,newbie_evening,2025-03-01 10:16:26
30.0,1.5,8.0,0.5,0.05,38.565056638258156,0.0,0.75,49.666666666666664,225.0,high_roller_evening,2025-03-01 10:16:26
30.0,1.5,8.0,0.7,0.05,28.576715106744896,0.0,0.5833333333333334,71.25,225.0,high_roller_evening,2025-03-01 10:16:27
30.0,2.0,0.5,0.1,0.05,95.16170355491971,0.0,0.75,4.0,21.0,newbie_evening,2025-03-01 10:16:27
30.0,2.0,0.5,0.3,0.05,88.03948684662545,0.3333333333333333,0.5,9.833333333333334,28.0,newbie_evening,2025-03-01 10:16:27
30.0,1.5,8.0,0.9,0.05,24.759380836359796,0.0066666666666666706,0.75,87.46805555555557,285.0,high_roller_evening,2025-03-01 10:16:27
30.0,2.0,0.5,0.5,0.05,70.98850333035355,0.0066666666666666706,0.75,31.027777777777775,104.0,sports_enthusiast_afternoon,2025-03-01 10:16:28
30.0,2.0,0.5,0.9,0.05,15.79573911099193,0.34,0.75,85.44166666666666,255.0,high_roller_evening,2025-03-01 10:16:28
30.0,2.0,0.5,0.7,0.05,28.904135423252743,0.0066666666666666706,0.75,56.11388888888889,270.0,high_roller_evening,2025-03-01 10:16:28
30.0,2.0,1.0,0.1,0.05,69.95253148732269,0.0,0.75,27.608333333333334,117.0,sports_enthusiast_afternoon,2025-03-01 10:16:28
30.0,2.0,1.0,0.3,0.05,71.86104767797242,0.34,0.75,27.71666666666667,117.0,sports_enthusiast_afternoon,2025-03-01 10:16:28
30.0,2.0,1.0,0.5,0.05,71.13392706710569,0.3333333333333333,0.75,28.75,104.0,sports_enthusiast_afternoon,2025-03-01 10:16:28
30.0,2.0,1.0,0.7,0.05,18.314148360524957,0.0,0.75,78.0,270.0,high_roller_evening,2025-03-01 10:16:28
30.0,2.0,1.0,0.9,0.05,7.9720767233105985,0.3333333333333333,0.75,92.04166666666667,285.0,high_roller_evening,2025-03-01 10:16:28
30.0,2.0,3.0,0.3,0.05,70.09630723920112,0.013333333333333341,0.75,27.686111111111114,117.0,sports_enthusiast_afternoon,2025-03-01 10:16:29
30.0,2.0,3.0,0.5,0.05,40.343947533413676,0.6666666666666666,0.8333333333333334,45.416666666666664,285.0,high_roller_evening,2025-03-01 10:16:29
30.0,2.0,3.0,0.1,0.05,30.225905032003094,0.3333333333333333,0.5833333333333334,68.91666666666667,225.0,high_roller_evening,2025-03-01 10:16:29
30.0,2.0,3.0,0.7,0.05,17.597088263274244,0.0,0.5833333333333334,82.125,270.0,high_roller_evening,2025-03-01 10:16:29
30.0,2.0,5.0,0.1,0.05,53.78727880248688,0.0,0.75,42.5,225.0,high_roller_evening,2025-03-01 10:16:30
30.0,2.0,3.0,0.9,0.05,7.567797653080832,0.0,0.75,92.875,285.0,high_roller_evening,2025-03-01 10:16:30
30.0,2.0,5.0,0.3,0.05,69.71742397112699,0.0066666666666666706,0.75,27.686111111111114,117.0,sports_enthusiast_afternoon,2025-03-01 10:16:30
30.0,2.0,5.0,0.5,0.05,69.49293219019933,0.0,0.75,31.083333333333332,104.0,sports_enthusiast_afternoon,2025-03-01 10:16:30
30.0,2.0,5.0,0.9,0.05,19.5584083009037,0.013333333333333341,0.75,80.44444444444444,255.0,high_roller_evening,2025-03-01 10:16:30
30.0,2.0,5.0,0.7,0.05,39.17517110341002,0.026666666666666658,0.75,58.666666666666664,283.0,high_roller_evening,2025-03-01 10:16:30
30.0,2.0,8.0,0.1,0.05,88.6069451435624,0.32666666666666666,0.5,11.333333333333334,28.0,newbie_evening,2025-03-01 10:16:30
30.0,2.0,8.0,0.3,0.05,34.12194615769111,0.0,0.5833333333333334,64.5,225.0,high_roller_evening,2025-03-01 10:16:30
30.0,2.0,8.0,0.5,0.05,44.95196962411672,0.0,0.75,44.513888888888886,225.0,high_roller_evening,2025-03-01 10:16:31
40.0,0.1,0.5,0.1,0.05,70.06437198201891,0.3333333333333333,0.75,29.0,123.5,sports_enthusiast_afternoon,2025-03-01 10:16:31
30.0,2.0,8.0,0.7,0.05,17.609845004224482,0.0,0.5833333333333334,82.125,270.0,high_roller_evening,2025-03-01 10:16:31
30.0,2.0,8.0,0.9,0.05,17.76452572964079,0.010000000000000004,0.5833333333333334,82.125,270.0,high_roller_evening,2025-03-01 10:16:31
40.0,0.1,0.5,0.3,0.05,17.783360915795708,0.0,0.5833333333333334,82.125,270.0,high_roller_evening,2025-03-01 10:16:32
40.0,0.1,0.5,0.5,0.05,19.06388031414254,0.0066666666666666706,0.5833333333333334,82.125,270.0,high_roller_evening,2025-03-01 10:16:32
40.0,0.1,0.5,0.9,0.05,15.483020515325185,0.04666666666666664,0.75,85.59305555555555,260.0,high_roller_evening,2025-03-01 10:16:32
40.0,0.1,0.5,0.7,0.05,18.169655254078112,0.0,0.5833333333333334,82.1736111111111,269.5,high_roller_evening,2025-03-01 10:16:32
40.0,0.1,1.0,0.7,0.05,17.941905804600257,0.02000000000000001,0.5833333333333334,82.16944444444444,270.0,high_roller_evening,2025-03-01 10:16:33
40.0,0.1,1.0,0.3,0.05,17.779349176946447,0.0,0.5833333333333334,82.125,270.0,high_roller_evening,2025-03-01 10:16:33
40.0,0.1,1.0,0.1,0.05,31.51212928500532,0.0,0.75,43.666666666666664,225.0,high_roller_evening,2025-03-01 10:16:33
40.0,0.1,1.0,0.5,0.05,17.543015334189274,0.0,0.5833333333333334,82.125,270.0,high_roller_evening,2025-03-01 10:16:33
40.0,0.1,3.0,0.1,0.05,49.29611545900938,0.0,0.6666666666666666,6.083333333333333,28.0,newbie_evening,2025-03-01 10:16:34
40.0,0.1,3.0,0.5,0.05,17.903399569140987,0.0,0.5833333333333334,82.125,270.0,high_roller_evening,2025-03-01 10:16:34
40.0,0.1,1.0,0.9,0.05,15.254395991973043,0.35333333333333333,0.75,87.93194444444443,270.0,high_roller_evening,2025-03-01 10:16:34
40.0,0.1,3.0,0.3,0.05,35.36134801899341,0.0,0.75,66.75,285.0,high_roller_evening,2025-03-01 10:16:34
40.0,0.1,5.0,0.3,0.05,17.629639417715065,0.0,0.5833333333333334,82.125,270.0,high_roller_evening,2025-03-01 10:16:34
40.0,0.1,3.0,0.9,0.05,11.191496068883652,0.07,0.75,91.58194444444445,284.0,high_roller_evening,2025-03-01 10:16:34
40.0,0.1,5.0,0.1,0.05,47.52671584523282,0.3333333333333333,0.75,47.333333333333336,225.0,high_roller_evening,2025-03-01 10:16:34
40.0,0.1,3.0,0.7,0.05,18.412807582622065,0.010000000000000004,0.6666666666666666,82.00416666666668,270.0,high_roller_evening,2025-03-01 10:16:34
40.0,0.1,5.0,0.5,0.05,17.467314653957562,0.0,0.5833333333333334,82.10694444444444,270.0,high_roller_evening,2025-03-01 10:16:35
40.0,0.1,5.0,0.7,0.05,18.111029660192003,0.026666666666666675,0.5833333333333334,82.18055555555556,270.0,high_roller_evening,2025-03-01 10:16:35
40.0,0.1,5.0,0.9,0.05,12.223048989876572,0.3233333333333333,0.75,90.53055555555557,271.5,high_roller_evening,2025-03-01 10:16:35
40.0,0.1,8.0,0.1,0.05,70.61993645544811,0.3333333333333333,0.75,29.0,123.5,sports_enthusiast_afternoon,2025-03-01 10:16:35
40.0,0.1,8.0,0.7,0.05,18.229854975998883,0.02000000000000001,0.5833333333333334,82.18194444444445,270.0,high_roller_evening,2025-03-01 10:16:36
40.0,0.1,8.0,0.3,0.05,17.602446858568314,0.0,0.5833333333333334,82.125,270.0,high_roller_evening,2025-03-01 10:16:36
40.0,0.1,8.0,0.9,0.05,11.22123311523599,0.023333333333333334,0.75,90.36527777777779,277.5,high_roller_evening,2025-03-01 10:16:36
40.0,0.1,8.0,0.5,0.05,17.943225498546653,0.0,0.5833333333333334,82.125,270.0,high_roller_evening,2025-03-01 10:16:36
40.0,0.5,0.5,0.3,0.05,39.72590607350549,0.3333333333333333,0.75,56.430555555555564,270.0,high_roller_evening,2025-03-01 10:16:36
40.0,0.5,0.5,0.1,0.05,32.88451474989462,0.0,0.5833333333333334,64.5,225.0,high_roller_evening,2025-03-01 10:16:36
40.0,0.5,0.5,0.5,0.05,39.53226690018372,0.019999999999999993,0.75,59.84444444444444,283.5,high_roller_evening,2025-03-01 10:16:36
40.0,0.5,0.5,0.7,0.05,10.595804167691394,0.32666666666666666,0.75,89.0138888888889,285.0,high_roller_evening,2025-03-01 10:16:36
40.0,0.5,0.5,0.9,0.05,9.823480432676234,0.03333333333333335,0.75,92.58611111111111,283.0,high_roller_evening,2025-03-01 10:16:37
40.0,0.5,1.0,0.1,0.05,85.07404441243689,0.3333333333333333,0.5,11.333333333333334,28.0,newbie_evening,2025-03-01 10:16:37
40.0,0.5,1.0,0.3,0.05,34.9251025618623,0.0,0.75,43.56944444444445,225.0,high_roller_evening,2025-03-01 10:16:37
40.0,0.5,1.0,0.5,0.05,17.668607173252312,0.0,0.5833333333333334,81.94027777777778,270.0,high_roller_evening,2025-03-01 10:16:37
40.0,0.5,1.0,0.7,0.05,19.41571235999896,0.0,0.75,80.5,255.0,high_roller_evening,2025-03-01 10:16:38
40.0,0.5,1.0,0.9,0.05,8.311052762069094,0.0066666666666666706,0.75,92.46249999999999,285.0,high_roller_evening,2025-03-01 10:16:38
40.0,0.5,3.0,0.3,0.05,28.305139008611285,0.0,0.5833333333333334,71.25,225.0,high_roller_evening,2025-03-01 10:16:38
40.0,0.5,3.0,0.1,0.05,34.943155362422004,0.34,0.75,55.5,255.0,high_roller_evening,2025-03-01 10:16:38
40.0,0.5,3.0,0.5,0.05,28.41261213728636,0.0,0.5833333333333334,71.25,225.0,high_roller_evening,2025-03-01 10:16:39
40.0,0.5,3.0,0.7,0.05,17.70955585300939,0.0066666666666666706,0.5833333333333334,82.125,270.0,high_roller_evening,2025-03-01 10:16:39
40.0,0.5,5.0,0.1,0.05,28.616345820217678,0.0,0.5833333333333334,71.25,225.0,high_roller_evening,2025-03-01 10:16:39
40.0,0.5,3.0,0.9,0.05,10.28497213377588,0.35000000000000003,0.75,89.86666666666666,270.0,high_roller_evening,2025-03-01 10:16:39
40.0,0.5,5.0,0.3,0.05,42.794921446752554,0.04666666666666667,0.75,42.708333333333336,225.0,high_roller_evening,2025-03-01 10:16:39
40.0,0.5,5.0,0.5,0.05,21.162160017849917,0.0,0.75,78.0,270.0,high_roller_evening,2025-03-01 10:16:39
40.0,0.5,5.0,0.7,0.05,17.608036788645702,0.0066666666666666706,0.6666666666666666,82.07083333333334,270.0,high_roller_evening,2025-03-01 10:16:39
40.0,0.5,5.0,0.9,0.05,7.910754773826133,0.010000000000000004,0.75,92.64722222222223,285.0,high_roller_evening,2025-03-01 10:16:39
40.0,0.5,8.0,0.5,0.05,17.549841645480818,0.0,0.5833333333333334,82.125,270.0,high_roller_evening,2025-03-01 10:16:40
40.0,0.5,8.0,0.3,0.05,23.220942760644284,0.0,0.75,74.16666666666667,255.0,high_roller_evening,2025-03-01 10:16:40
40.0,0.5,8.0,0.1,0.05,34.62362655430344,0.0,0.5833333333333334,64.5,225.0,high_roller_evening,2025-03-01 10:16:40
40.0,0.5,8.0,0.7,0.05,19.36582956304271,0.0066666666666666706,0.75,80.5,255.0,high_roller_evening,2025-03-01 10:16:40
40.0,0.5,8.0,0.9,0.05,7.718993665568602,0.013333333333333338,0.75,92.30416666666666,284.5,high_roller_evening,2025-03-01 10:16:41
40.0,1.0,0.5,0.3,0.05,48.94034115667974,0.3333333333333333,0.75,28.680555555555557,104.0,sports_enthusiast_afternoon,2025-03-01 10:16:41
40.0,1.0,0.5,0.1,0.05,89.41990426558505,0.3333333333333333,0.5,11.333333333333334,28.0,newbie_evening,2025-03-01 10:16:41
40.0,1.0,0.5,0.5,0.05,17.57398814256113,0.010000000000000004,0.5833333333333334,82.11527777777778,270.0,high_roller_evening,2025-03-01 10:16:41
40.0,1.0,0.5,0.7,0.05,21.208527599307903,0.0,0.5833333333333334,82.125,270.0,high_roller_evening,2025-03-01 10:16:41
40.0,1.0,0.5,0.9,0.05,8.70661147482348,0.0066666666666666706,0.75,92.80972222222222,285.0,high_roller_evening,2025-03-01 10:16:41
40.0,1.0,1.0,0.1,0.05,30.399205964029637,0.5,0.5833333333333334,69.25,225.0,high_roller_evening,2025-03-01 10:16:41
40.0,1.0,1.0,0.3,0.05,30.29438835392935,0.0,0.5833333333333334,68.91666666666667,225.0,high_roller_evening,2025-03-01 10:16:41
40.0,1.0,1.0,0.5,0.05,18.070916710794005,0.0,0.75,78.0,270.0,high_roller_evening,2025-03-01 10:16:43
40.0,1.0,1.0,0.9,0.05,17.537403453790017,0.0066666666666666706,0.5833333333333334,82.13888888888889,270.0,high_roller_evening,2025-03-01 10:16:43
40.0,1.0,1.0,0.7,0.05,17.768612254801752,0.010000000000000004,0.5833333333333334,82.16944444444444,270.0,high_roller_evening,2025-03-01 10:16:43
40.0,1.0,3.0,0.1,0.05,74.66937255931725,0.0,0.75,4.5,20.0,casual_player_morning,2025-03-01 10:16:43
40.0,1.0,3.0,0.5,0.05,19.963168075750502,0.0,0.75,75.16666666666667,255.0,high_roller_evening,2025-03-01 10:16:43
40.0,1.0,3.0,0.3,0.05,29.947230735721007,0.0,0.5833333333333334,67.25,225.0,high_roller_evening,2025-03-01 10:16:43
40.0,1.0,3.0,0.7,0.05,19.349041357628355,0.0,0.75,80.5,255.0,high_roller_evening,2025-03-01 10:16:43
40.0,1.0,3.0,0.9,0.05,10.126394455769056,0.010000000000000004,0.75,90.04166666666667,270.0,high_roller_evening,2025-03-01 10:16:43
40.0,1.0,5.0,0.1,0.05,24.193502197034675,0.3333333333333333,0.75,75.16666666666667,255.0,high_roller_evening,2025-03-01 10:16:44
40.0,1.0,5.0,0.3,0.05,62.09600128285332,0.0,0.75,27.375,104.0,sports_enthusiast_afternoon,2025-03-01 10:16:44
40.0,1.0,5.0,0.5,0.05,19.28976057314546,0.0,0.75,76.76388888888889,270.0,high_roller_evening,2025-03-01 10:16:44
40.0,1.0,5.0,0.7,0.05,10.873004937596484,0.33666666666666667,0.75,87.70833333333333,283.0,high_roller_evening,2025-03-01 10:16:44
40.0,1.0,8.0,0.1,0.05,21.813831718410583,0.34,0.75,31.083333333333332,104.0,sports_enthusiast_afternoon,2025-03-01 10:16:45
40.0,1.0,8.0,0.5,0.05,36.0925183131433,0.3333333333333333,0.75,62.583333333333336,270.0,high_roller_evening,2025-03-01 10:16:45
40.0,1.0,5.0,0.9,0.05,17.966401538757754,0.013333333333333341,0.5833333333333334,82.18055555555556,270.0,high_roller_evening,2025-03-01 10:16:45
40.0,1.0,8.0,0.3,0.05,55.90901897341914,0.34,0.75,28.083333333333332,104.0,sports_enthusiast_afternoon,2025-03-01 10:16:45
40.0,1.0,8.0,0.9,0.05,17.82010148264684,0.010000000000000004,0.5833333333333334,81.72222222222221,270.0,high_roller_evening,2025-03-01 10:16:45
40.0,1.5,0.5,0.1,0.05,94.63620378530482,0.0,0.75,4.0,21.0,newbie_evening,2025-03-01 10:16:45
40.0,1.0,8.0,0.7,0.05,17.75446311067596,0.0,0.5833333333333334,82.09583333333333,270.0,high_roller_evening,2025-03-01 10:16:45
40.0,1.5,0.5,0.3,0.05,88.76059124408131,0.010000000000000004,0.75,4.655555555555556,20.0,casual_player_morning,2025-03-01 10:16:45
40.0,1.5,0.5,0.5,0.05,42.29056388281366,0.0,0.75,45.44722222222222,225.0,high_roller_evening,2025-03-01 10:16:46
40.0,1.5,0.5,0.7,0.05,26.17598064126067,0.0,0.75,78.0,270.0,high_roller_evening,2025-03-01 10:16:46
40.0,1.5,0.5,0.9,0.05,12.65986015124002,0.0,0.75,87.38055555555555,269.5,high_roller_evening,2025-03-01 10:16:46
40.0,1.5,1.0,0.1,0.05,67.65874995550983,0.3333333333333333,0.75,31.833333333333332,104.0,sports_enthusiast_afternoon,2025-03-01 10:16:46
40.0,1.5,1.0,0.3,0.05,71.10174161574167,0.3333333333333333,0.75,31.333333333333332,123.5,sports_enthusiast_afternoon,2025-03-01 10:16:47
40.0,1.5,1.0,0.5,0.05,21.857624637483482,0.0066666666666666706,0.75,75.16666666666667,255.0,high_roller_evening,2025-03-01 10:16:47
40.0,1.5,1.0,0.9,0.05,14.500413042676138,0.0066666666666666706,0.75,92.74305555555554,285.0,high_roller_evening,2025-03-01 10:16:47
40.0,1.5,1.0,0.7,0.05,21.83378614477306,0.0,0.75,78.0,270.0,high_roller_evening,2025-03-01 10:16:47
40.0,1.5,3.0,0.1,0.05,53.720524646358236,0.0,0.75,46.5,225.0,high_roller_evening,2025-03-01 10:16:48
40.0,1.5,3.0,0.3,0.05,41.83745833032822,0.66,0.75,58.583333333333336,270.0,high_roller_evening,2025-03-01 10:16:48
40.0,1.5,3.0,0.5,0.05,21.04041555202366,0.013333333333333341,0.75,76.41666666666667,270.0,high_roller_evening,2025-03-01 10:16:48
40.0,1.5,3.0,0.7,0.05,20.94791984175577,0.34,0.5833333333333334,76.58333333333333,270.0,high_roller_evening,2025-03-01 10:16:48
40.0,1.5,3.0,0.9,0.05,19.203440887284764,0.0,0.75,80.49444444444444,255.0,high_roller_evening,2025-03-01 10:16:48
40.0,1.5,5.0,0.1,0.05,68.91163311375223,0.3333333333333333,0.75,29.5,123.5,sports_enthusiast_afternoon,2025-03-01 10:16:48
40.0,1.5,5.0,0.3,0.05,42.76068379681157,0.3466666666666667,0.75,54.166666666666664,255.0,high_roller_evening,2025-03-01 10:16:48
40.0,1.5,5.0,0.5,0.05,27.27318624650559,0.0,0.5833333333333334,67.30833333333334,225.0,high_roller_evening,2025-03-01 10:16:48
40.0,1.5,5.0,0.7,0.05,19.03364678094538,0.32666666666666666,0.75,80.5,255.0,high_roller_evening,2025-03-01 10:16:49
40.0,1.5,8.0,0.3,0.05,89.96165228294086,0.3333333333333333,0.75,4.583333333333333,28.0,newbie_evening,2025-03-01 10:16:49
40.0,1.5,8.0,0.1,0.05,24.339721328754383,0.3333333333333333,0.75,75.16666666666667,255.0,high_roller_evening,2025-03-01 10:16:49
40.0,1.5,5.0,0.9,0.05,7.480367952236357,0.010000000000000004,0.75,92.875,285.0,high_roller_evening,2025-03-01 10:16:49
40.0,1.5,8.0,0.9,0.05,17.62329665249387,0.0,0.5833333333333334,82.125,270.0,high_roller_evening,2025-03-01 10:16:50
40.0,1.5,8.0,0.7,0.05,38.50650889017751,0.0,0.75,58.833333333333336,285.0,high_roller_evening,2025-03-01 10:16:50
40.0,2.0,0.5,0.1,0.05,67.9506533952199,0.5,0.75,24.208333333333332,123.5,sports_enthusiast_afternoon,2025-03-01 10:16:50
40.0,1.5,8.0,0.5,0.05,29.41231104916273,0.3333333333333333,0.5833333333333334,67.36944444444445,225.0,high_roller_evening,2025-03-01 10:16:50
40.0,2.0,0.5,0.3,0.05,35.64447513530955,0.0,0.75,47.333333333333336,225.0,high_roller_evening,2025-03-01 10:16:50
40.0,2.0,0.5,0.9,0.05,23.313888608033537,0.3433333333333333,0.5833333333333334,78.89166666666667,225.0,high_roller_evening,2025-03-01 10:16:50
40.0,2.0,0.5,0.5,0.05,67.59472216517457,0.0,0.75,31.083333333333332,104.0,sports_enthusiast_afternoon,2025-03-01 10:16:50
40.0,2.0,0.5,0.7,0.05,65.16095640304177,0.0066666666666666706,0.75,31.083333333333332,104.0,sports_enthusiast_afternoon,2025-03-01 10:16:50
40.0,2.0,1.0,0.1,0.05,30.455926770645373,0.32666666666666666,0.5833333333333334,68.90277777777779,225.0,high_roller_evening,2025-03-01 10:16:51
40.0,2.0,1.0,0.5,0.05,30.417116991336098,0.0,0.5833333333333334,67.35972222222223,225.0,high_roller_evening,2025-03-01 10:16:51
40.0,2.0,1.0,0.7,0.05,19.336369326183107,0.013333333333333341,0.75,79.08888888888889,255.0,high_roller_evening,2025-03-01 10:16:51
40.0,2.0,1.0,0.3,0.05,31.919622173373,0.0066666666666666706,0.5833333333333334,64.5,225.0,high_roller_evening,2025-03-01 10:16:51
40.0,2.0,1.0,0.9,0.05,17.528886865868607,0.013333333333333341,0.5833333333333334,82.125,270.0,high_roller_evening,2025-03-01 10:16:52
40.0,2.0,3.0,0.1,0.05,31.729466995957562,0.0066666666666666706,0.5833333333333334,64.5,225.0,high_roller_evening,2025-03-01 10:16:52
40.0,2.0,3.0,0.5,0.05,38.9146677028171,0.3333333333333333,0.75,55.769444444444446,255.0,high_roller_evening,2025-03-01 10:16:52
40.0,2.0,3.0,0.3,0.05,23.987116782386916,0.0,0.75,75.16666666666667,255.0,high_roller_evening,2025-03-01 10:16:52
40.0,2.0,3.0,0.7,0.05,17.48949459827742,0.0066666666666666706,0.5833333333333334,82.1763888888889,270.0,high_roller_evening,2025-03-01 10:16:52
40.0,2.0,3.0,0.9,0.05,25.060208225292023,0.33,0.5833333333333334,77.03194444444445,270.0,high_roller_evening,2025-03-01 10:16:52
40.0,2.0,5.0,0.1,0.05,28.351917223326083,0.0,0.5833333333333334,71.25,225.0,high_roller_evening,2025-03-01 10:16:52
40.0,2.0,5.0,0.3,0.05,51.040560320162,0.0,0.75,46.5,225.0,high_roller_evening,2025-03-01 10:16:52
40.0,2.0,8.0,0.1,0.05,93.91200877931391,0.3333333333333333,0.8333333333333334,3.0,20.0,casual_player_morning,2025-03-01 10:16:54
40.0,2.0,5.0,0.7,0.05,67.75806944885501,0.0066666666666666706,0.75,31.508333333333336,104.0,sports_enthusiast_afternoon,2025-03-01 10:16:54
40.0,2.0,5.0,0.5,0.05,21.390486320147065,0.0,0.75,78.0,270.0,high_roller_evening,2025-03-01 10:16:54
40.0,2.0,5.0,0.9,0.05,8.874841842644384,0.0066666666666666706,0.75,92.77638888888889,285.0,high_roller_evening,2025-03-01 10:16:54
40.0,2.0,8.0,0.5,0.05,23.058335121215705,0.0066666666666666706,0.75,75.22222222222221,255.0,high_roller_evening,2025-03-01 10:16:54
40.0,2.0,8.0,0.3,0.05,72.17938184218892,0.0,0.75,31.083333333333332,104.0,sports_enthusiast_afternoon,2025-03-01 10:16:54
40.0,2.0,8.0,0.7,0.05,17.567222506889312,0.0066666666666666706,0.6666666666666666,82.07083333333334,270.0,high_roller_evening,2025-03-01 10:16:54
40.0,2.0,8.0,0.9,0.05,24.19473131524402,0.32666666666666666,0.5833333333333334,76.78611111111111,226.5,high_roller_evening,2025-03-01 10:16:54
50.0,0.1,0.5,0.1,0.05,28.502528238095238,0.0,0.5833333333333334,71.25,225.0,high_roller_evening,2025-03-01 10:16:55
50.0,0.1,0.5,0.3,0.05,21.686732409660056,0.34,0.75,78.05833333333334,270.0,high_roller_evening,2025-03-01 10:16:55
50.0,0.1,0.5,0.5,0.05,17.772757794519816,0.0,0.5833333333333334,82.125,270.0,high_roller_evening,2025-03-01 10:16:55
50.0,0.1,0.5,0.7,0.05,18.462384082911584,0.020000000000000014,0.5833333333333334,82.125,269.5,high_roller_evening,2025-03-01 10:16:55
50.0,0.1,1.0,0.5,0.05,17.74576009106688,0.0066666666666666706,0.5833333333333334,82.08333333333333,269.5,high_roller_evening,2025-03-01 10:16:56
50.0,0.1,1.0,0.1,0.05,36.17449753002466,0.3333333333333333,0.75,47.083333333333336,225.0,high_roller_evening,2025-03-01 10:16:56
50.0,0.1,1.0,0.3,0.05,31.79208957780515,0.04,0.5833333333333334,67.41666666666667,225.0,high_roller_evening,2025-03-01 10:16:56
50.0,0.1,0.5,0.9,0.05,13.725779191653146,0.03666666666666666,0.75,87.52222222222224,259.0,high_roller_evening,2025-03-01 10:16:56
50.0,0.1,1.0,0.7,0.05,17.246736961714262,0.020000000000000007,0.5833333333333334,81.56527777777778,270.0,high_roller_evening,2025-03-01 10:16:56
50.0,0.1,1.0,0.9,0.05,15.528589700602618,0.12333333333333334,0.75,86.12361111111112,254.5,high_roller_evening,2025-03-01 10:16:56
50.0,0.1,3.0,0.1,0.05,67.65230588835313,0.6666666666666666,0.75,31.833333333333332,104.0,sports_enthusiast_afternoon,2025-03-01 10:16:56
50.0,0.1,3.0,0.3,0.05,70.53722971454462,0.0,0.75,31.119444444444444,104.43333333333334,sports_enthusiast_evening,2025-03-01 10:16:56
50.0,0.1,3.0,0.5,0.05,17.83243521461037,0.0,0.5833333333333334,82.125,270.0,high_roller_evening,2025-03-01 10:16:57
50.0,0.1,3.0,0.7,0.05,17.943701559676846,0.010000000000000004,0.6666666666666666,81.90555555555555,269.5,high_roller_evening,2025-03-01 10:16:57
50.0,0.1,3.0,0.9,0.05,15.855838980391194,0.31000000000000005,0.75,85.95694444444445,268.5,high_roller_evening,2025-03-01 10:16:57
50.0,0.1,5.0,0.1,0.05,19.868103003440996,0.3333333333333333,0.75,76.41666666666667,270.0,high_roller_evening,2025-03-01 10:16:57
50.0,0.1,5.0,0.9,0.05,14.421785662867679,0.036666666666666674,0.75,86.85138888888889,269.5,high_roller_evening,2025-03-01 10:16:58
50.0,0.1,5.0,0.7,0.05,17.90008695530969,0.02000000000000001,0.6666666666666666,82.2625,270.0,high_roller_evening,2025-03-01 10:16:58
50.0,0.1,5.0,0.5,0.05,17.8236869963582,0.0,0.5833333333333334,82.125,270.0,high_roller_evening,2025-03-01 10:16:58
50.0,0.1,5.0,0.3,0.05,17.521225537629327,0.0066666666666666706,0.5833333333333334,82.125,270.0,high_roller_evening,2025-03-01 10:16:58
50.0,0.1,8.0,0.1,0.05,21.441963633069246,0.3333333333333333,0.75,76.41666666666667,270.0,high_roller_evening,2025-03-01 10:16:59
50.0,0.1,8.0,0.3,0.05,24.031594672902266,0.0066666666666666706,0.75,75.0111111111111,255.0,high_roller_evening,2025-03-01 10:16:59
50.0,0.1,8.0,0.5,0.05,17.94951724603962,0.013333333333333341,0.5833333333333334,82.125,270.0,high_roller_evening,2025-03-01 10:16:59
50.0,0.1,8.0,0.7,0.05,18.08117369808391,0.030000000000000016,0.5833333333333334,82.16111111111111,269.5,high_roller_evening,2025-03-01 10:16:59
50.0,0.1,8.0,0.9,0.05,13.904015642665449,0.046666666666666655,0.75,87.52222222222224,270.5,high_roller_evening,2025-03-01 10:16:59
50.0,0.5,0.5,0.1,0.05,53.39021261717024,0.0,0.75,42.5,225.0,high_roller_evening,2025-03-01 10:16:59
50.0,0.5,0.5,0.3,0.05,34.62128000704596,0.0,0.75,31.083333333333332,104.0,sports_enthusiast_afternoon,2025-03-01 10:16:59
50.0,0.5,0.5,0.5,0.05,28.648726923584206,0.0,0.5833333333333334,71.25,225.0,high_roller_evening,2025-03-01 10:16:59
50.0,0.5,1.0,0.1,0.05,53.94319249146895,0.0066666666666666706,0.75,43.5,225.0,high_roller_evening,2025-03-01 10:17:00
50.0,0.5,0.5,0.9,0.05,9.095504069049387,0.34,0.75,91.98055555555555,285.0,high_roller_evening,2025-03-01 10:17:00
50.0,0.5,0.5,0.7,0.05,19.34332525476523,0.0,0.75,80.5,255.0,high_roller_evening,2025-03-01 10:17:00
50.0,0.5,1.0,0.3,0.05,23.28644551091877,0.0,0.75,75.16666666666667,255.0,high_roller_evening,2025-03-01 10:17:00
50.0,0.5,1.0,0.5,0.05,17.641393308566236,0.0066666666666666706,0.5833333333333334,82.125,270.0,high_roller_evening,2025-03-01 10:17:01
50.0,0.5,1.0,0.7,0.05,17.642498640357527,0.0066666666666666706,0.5833333333333334,81.94027777777778,270.0,high_roller_evening,2025-03-01 10:17:01
50.0,0.5,1.0,0.9,0.05,9.736057554490312,0.016666666666666673,0.75,92.8,284.5,high_roller_evening,2025-03-01 10:17:01
50.0,0.5,3.0,0.1,0.05,66.56001342190916,0.0,0.75,29.5,123.5,sports_enthusiast_afternoon,2025-03-01 10:17:01
50.0,0.5,3.0,0.3,0.05,22.307608747837566,0.0,0.75,75.16666666666667,255.0,high_roller_evening,2025-03-01 10:17:01
50.0,0.5,3.0,0.7,0.05,17.62116671882241,0.0,0.5833333333333334,82.125,270.0,high_roller_evening,2025-03-01 10:17:01
50.0,0.5,3.0,0.5,0.05,17.508314783971507,0.0,0.5833333333333334,82.1138888888889,270.0,high_roller_evening,2025-03-01 10:17:01
50.0,0.5,3.0,0.9,0.05,7.986108874479909,0.016666666666666673,0.75,92.75555555555555,285.0,high_roller_evening,2025-03-01 10:17:01
50.0,0.5,5.0,0.3,0.05,47.08218935909623,0.0066666666666666706,0.75,42.61111111111111,225.0,high_roller_evening,2025-03-01 10:17:03
50.0,0.5,5.0,0.7,0.05,17.384372745065367,0.0,0.5833333333333334,81.375,261.0,high_roller_evening,2025-03-01 10:17:03
50.0,0.5,5.0,0.5,0.05,70.55063738958678,0.0,0.75,28.75,104.0,sports_enthusiast_afternoon,2025-03-01 10:17:03
50.0,0.5,5.0,0.1,0.05,44.135016713283726,0.0,0.75,46.611111111111114,225.0,high_roller_evening,2025-03-01 10:17:03
50.0,0.5,5.0,0.9,0.05,15.415968198706926,0.6466666666666666,0.75,85.50555555555555,256.5,high_roller_evening,2025-03-01 10:17:03
50.0,0.5,8.0,0.1,0.05,67.40298550608007,0.32666666666666666,0.75,31.833333333333332,104.0,sports_enthusiast_afternoon,2025-03-01 10:17:03
50.0,0.5,8.0,0.5,0.05,21.006474848056378,0.3333333333333333,0.75,77.25,270.0,high_roller_evening,2025-03-01 10:17:03
50.0,0.5,8.0,0.3,0.05,24.812474459931053,0.0,0.75,74.41666666666667,255.0,high_roller_evening,2025-03-01 10:17:03
50.0,0.5,8.0,0.9,0.05,17.974400745208403,0.0066666666666666706,0.5833333333333334,82.29444444444445,270.0,high_roller_evening,2025-03-01 10:17:04
50.0,0.5,8.0,0.7,0.05,19.17619467649344,0.0066666666666666706,0.75,80.45555555555556,255.0,high_roller_evening,2025-03-01 10:17:04
50.0,1.0,0.5,0.3,0.05,70.52034613213614,0.6666666666666666,0.75,26.5,104.0,sports_enthusiast_afternoon,2025-03-01 10:17:04
50.0,1.0,0.5,0.1,0.05,31.129298340186494,0.3333333333333333,0.5833333333333334,68.91666666666667,225.0,high_roller_evening,2025-03-01 10:17:04
50.0,1.0,0.5,0.5,0.05,19.248222964885876,0.0,0.75,79.11111111111111,255.0,high_roller_evening,2025-03-01 10:17:05
50.0,1.0,0.5,0.7,0.05,17.733236123974553,0.0,0.5833333333333334,82.125,270.0,high_roller_evening,2025-03-01 10:17:05
50.0,1.0,0.5,0.9,0.05,17.824341136245422,0.0,0.5833333333333334,82.10833333333333,270.0,high_roller_evening,2025-03-01 10:17:05
50.0,1.0,1.0,0.1,0.05,24.287907246081673,0.0,0.75,75.16666666666667,255.0,high_roller_evening,2025-03-01 10:17:05
50.0,1.0,1.0,0.3,0.05,73.04248357445391,0.3333333333333333,0.75,29.708333333333332,104.0,sports_enthusiast_afternoon,2025-03-01 10:17:05
50.0,1.0,1.0,0.7,0.05,17.263613566198327,0.0066666666666666706,0.5833333333333334,82.07777777777777,270.0,high_roller_evening,2025-03-01 10:17:05
50.0,1.0,1.0,0.5,0.05,20.864327174696847,0.0066666666666666706,0.75,56.75,270.0,high_roller_evening,2025-03-01 10:17:05
50.0,1.0,1.0,0.9,0.05,18.063587503215082,0.0,0.5833333333333334,82.04305555555555,270.0,high_roller_evening,2025-03-01 10:17:05
50.0,1.0,3.0,0.1,0.05,70.59736677296755,0.0,0.75,5.0,24.0,casual_player_evening,2025-03-01 10:17:06
50.0,1.0,3.0,0.3,0.05,31.100047990637087,0.0,0.5833333333333334,67.28333333333333,225.0,high_roller_evening,2025-03-01 10:17:06
50.0,1.0,3.0,0.5,0.05,28.862001142671097,0.0,0.5833333333333334,70.25,225.0,high_roller_evening,2025-03-01 10:17:06
50.0,1.0,3.0,0.7,0.05,29.100711364104022,0.0,0.5833333333333334,71.25,225.0,high_roller_evening,2025-03-01 10:17:06
50.0,1.0,5.0,0.3,0.05,28.314079860555445,0.0,0.5833333333333334,71.21388888888889,225.0,high_roller_evening,2025-03-01 10:17:07
50.0,1.0,5.0,0.5,0.05,36.19795954080597,0.66,0.75,60.94444444444445,270.0,high_roller_evening,2025-03-01 10:17:07
50.0,1.0,5.0,0.1,0.05,60.13681586723559,0.0,0.75,27.666666666666668,117.0,sports_enthusiast_afternoon,2025-03-01 10:17:07
50.0,1.0,3.0,0.9,0.05,11.680246388073364,0.0066666666666666706,0.75,91.98055555555555,284.5,high_roller_evening,2025-03-01 10:17:07
50.0,1.0,5.0,0.7,0.05,19.117661164232544,0.0,0.6666666666666666,81.28333333333333,270.0,high_roller_evening,2025-03-01 10:17:08
50.0,1.0,8.0,0.3,0.05,31.186078671462806,0.0,0.5833333333333334,67.25,225.0,high_roller_evening,2025-03-01 10:17:08
50.0,1.0,8.0,0.1,0.05,71.80919702556037,0.0,0.75,27.722222222222225,117.0,sports_enthusiast_afternoon,2025-03-01 10:17:08
50.0,1.0,5.0,0.9,0.05,16.708226458440997,0.016666666666666673,0.75,84.61944444444444,255.0,high_roller_evening,2025-03-01 10:17:08
50.0,1.0,8.0,0.5,0.05,23.414053761453133,0.3333333333333333,0.75,75.16666666666667,255.0,high_roller_evening,2025-03-01 10:17:08
50.0,1.0,8.0,0.7,0.05,17.71652582430882,0.0,0.5833333333333334,82.125,270.0,high_roller_evening,2025-03-01 10:17:08
50.0,1.5,0.5,0.1,0.05,29.418640317892987,0.0,0.5833333333333334,68.91666666666667,225.0,high_roller_evening,2025-03-01 10:17:08
50.0,1.0,8.0,0.9,0.05,16.632871927539266,0.013333333333333341,0.75,84.56527777777778,255.5,high_roller_evening,2025-03-01 10:17:08
50.0,1.5,0.5,0.7,0.05,19.218924922560873,0.0066666666666666706,0.75,80.5,255.0,high_roller_evening,2025-03-01 10:17:09
50.0,1.5,0.5,0.9,0.05,13.084003527271857,0.013333333333333341,0.75,89.01666666666667,285.0,high_roller_evening,2025-03-01 10:17:09
50.0,1.5,0.5,0.3,0.05,81.61184812430209,0.6666666666666666,0.5,9.833333333333334,28.0,newbie_evening,2025-03-01 10:17:09
50.0,1.5,0.5,0.5,0.05,70.06770271863704,0.34,0.75,29.430555555555554,104.0,sports_enthusiast_afternoon,2025-03-01 10:17:09
50.0,1.5,1.0,0.1,0.05,32.27182351037673,0.013333333333333341,0.5833333333333334,64.5,225.0,high_roller_evening,2025-03-01 10:17:10
50.0,1.5,1.0,0.3,0.05,42.995600705640555,0.0066666666666666706,0.75,56.06944444444445,270.0,high_roller_evening,2025-03-01 10:17:10
50.0,1.5,1.0,0.5,0.05,73.08073880882557,0.0,0.75,28.75,104.0,sports_enthusiast_afternoon,2025-03-01 10:17:10
50.0,1.5,1.0,0.7,0.05,19.616657330472872,0.0066666666666666706,0.75,80.5,255.0,high_roller_evening,2025-03-01 10:17:10
50.0,1.5,1.0,0.9,0.05,28.041547058284294,0.3433333333333333,0.6666666666666666,76.9888888888889,284.5,high_roller_evening,2025-03-01 10:17:10
50.0,1.5,3.0,0.3,0.05,33.03188804830709,0.0,0.5833333333333334,64.5,225.0,high_roller_evening,2025-03-01 10:17:10
50.0,1.5,3.0,0.1,0.05,30.810749225157707,0.0,0.5833333333333334,68.5,225.0,high_roller_evening,2025-03-01 10:17:10
50.0,1.5,3.0,0.5,0.05,43.15729877730913,0.3333333333333333,0.75,47.333333333333336,225.0,high_roller_evening,2025-03-01 10:17:10
50.0,1.5,3.0,0.7,0.05,18.002098137690517,0.0,0.5833333333333334,82.125,270.0,high_roller_evening,2025-03-01 10:17:11
50.0,1.5,5.0,0.1,0.05,35.28377447067115,0.0,0.5833333333333334,64.5,225.0,high_roller_evening,2025-03-01 10:17:11
50.0,1.5,3.0,0.9,0.05,8.317640971757216,0.0,0.75,92.77777777777777,285.0,high_roller_evening,2025-03-01 10:17:11
50.0,1.5,5.0,0.3,0.05,55.81573320960171,0.34,0.75,26.5,104.0,sports_enthusiast_afternoon,2025-03-01 10:17:11
50.0,1.5,5.0,0.5,0.05,21.006152398012887,0.0,0.75,75.16666666666667,255.0,high_roller_evening,2025-03-01 10:17:12
50.0,1.5,5.0,0.9,0.05,8.744301380349462,0.03333333333333335,0.75,92.84722222222221,285.0,high_roller_evening,2025-03-01 10:17:12
50.0,1.5,5.0,0.7,0.05,17.55277443584065,0.0066666666666666706,0.5833333333333334,82.125,270.0,high_roller_evening,2025-03-01 10:17:12
50.0,1.5,8.0,0.1,0.05,50.90698555449803,0.3333333333333333,0.6666666666666666,6.833333333333333,28.0,newbie_evening,2025-03-01 10:17:12
50.0,1.5,8.0,0.3,0.05,24.097887321157025,0.0,0.75,75.16666666666667,255.0,high_roller_evening,2025-03-01 10:17:13
50.0,1.5,8.0,0.5,0.05,20.124607259747396,0.0,0.75,75.16666666666667,255.0,high_roller_evening,2025-03-01 10:17:13
50.0,1.5,8.0,0.7,0.05,19.314394791265386,0.0,0.75,80.5,255.0,high_roller_evening,2025-03-01 10:17:13
50.0,1.5,8.0,0.9,0.05,7.659338898297271,0.0066666666666666706,0.75,92.875,285.0,high_roller_evening,2025-03-01 10:17:13
50.0,2.0,0.5,0.5,0.05,40.710623726695104,0.8266666666666667,0.75,58.699999999999996,270.0,high_roller_evening,2025-03-01 10:17:14
50.0,2.0,0.5,0.1,0.05,44.045035580079784,0.0,0.75,56.01111111111111,270.0,high_roller_evening,2025-03-01 10:17:14
50.0,2.0,0.5,0.7,0.05,19.08333152433772,0.0,0.75,80.5,255.0,high_roller_evening,2025-03-01 10:17:14
50.0,2.0,0.5,0.3,0.05,92.28534028431805,0.3333333333333333,0.9166666666666666,1.0,12.0,newbie_morning,2025-03-01 10:17:14
50.0,2.0,0.5,0.9,0.05,8.16601865990995,0.0,0.75,92.52499999999999,285.0,high_roller_evening,2025-03-01 10:17:14
50.0,2.0,1.0,0.3,0.05,31.993290229123044,0.0,0.5833333333333334,64.5,225.0,high_roller_evening,2025-03-01 10:17:14
50.0,2.0,1.0,0.1,0.05,70.94659781130048,0.0,0.75,26.5,104.0,sports_enthusiast_afternoon,2025-03-01 10:17:14
50.0,2.0,1.0,0.5,0.05,49.14422627594121,0.010000000000000004,0.75,44.611111111111114,225.0,high_roller_evening,2025-03-01 10:17:14
50.0,2.0,1.0,0.7,0.05,17.67904763298177,0.0,0.5833333333333334,82.125,270.0,high_roller_evening,2025-03-01 10:17:15
50.0,2.0,1.0,0.9,0.05,15.491613201543677,0.0066666666666666706,0.5833333333333334,82.19722222222222,269.5,high_roller_evening,2025-03-01 10:17:15
50.0,2.0,3.0,0.1,0.05,49.724185707284256,0.3333333333333333,0.75,47.25,225.0,high_roller_evening,2025-03-01 10:17:15
50.0,2.0,3.0,0.3,0.05,69.36566613135632,0.3333333333333333,0.75,31.833333333333332,104.0,sports_enthusiast_afternoon,2025-03-01 10:17:15
50.0,2.0,3.0,0.7,0.05,17.36656818175566,0.0,0.5833333333333334,82.125,270.0,high_roller_evening,2025-03-01 10:17:16
50.0,2.0,3.0,0.5,0.05,22.836845472539487,0.0,0.75,75.16666666666667,255.0,high_roller_evening,2025-03-01 10:17:16
50.0,2.0,3.0,0.9,0.05,17.677816833565497,0.0,0.5833333333333334,82.125,270.0,high_roller_evening,2025-03-01 10:17:16
50.0,2.0,5.0,0.1,0.05,31.772121432115195,0.0,0.5833333333333334,67.25,225.0,high_roller_evening,2025-03-01 10:17:16
50.0,2.0,5.0,0.9,0.05,17.466026207148765,0.0,0.5833333333333334,82.125,270.0,high_roller_evening,2025-03-01 10:17:16
50.0,2.0,5.0,0.7,0.05,22.544613725464938,0.0,0.75,76.79166666666667,270.5,high_roller_evening,2025-03-01 10:17:16
50.0,2.0,5.0,0.3,0.05,52.539522738225685,0.0066666666666666706,0.75,42.5,225.0,high_roller_evening,2025-03-01 10:17:16
50.0,2.0,5.0,0.5,0.05,25.254410810076653,0.0,0.5833333333333334,67.28333333333333,225.0,high_roller_evening,2025-03-01 10:17:16
50.0,2.0,8.0,0.1,0.05,67.38677409281333,0.0066666666666666706,0.75,31.833333333333332,104.0,sports_enthusiast_afternoon,2025-03-01 10:17:17
50.0,2.0,8.0,0.3,0.05,30.456537690942444,0.3333333333333333,0.5833333333333334,68.91666666666667,225.0,high_roller_evening,2025-03-01 10:17:17
50.0,2.0,8.0,0.5,0.05,28.375606579483062,0.0,0.5833333333333334,67.28333333333333,225.0,high_roller_evening,2025-03-01 10:17:17
50.0,2.0,8.0,0.7,0.05,17.686922274330918,0.0,0.5833333333333334,82.125,270.0,high_roller_evening,2025-03-01 10:17:17
50.0,2.0,8.0,0.9,0.05,17.829242846477577,0.0,0.5833333333333334,82.09583333333333,270.0,high_roller_evening,2025-03-01 10:17:18
